source,target,song,type
Ozzy Osbourne,Lemmy,Hellraiser - 30th Anniversary Edition,collab
Ozzy Osbourne,Motörhead,Hellraiser - 30th Anniversary Edition,collab
Ozzy Osbourne,Rob Zombie,Iron Head,collab
Ozzy Osbourne,Black Sabbath,,band_member
Lemmy,Motörhead,Hellraiser - 30th Anniversary Edition,collab
Lemmy,Probot,Shake Your Blood (feat. Lemmy Kilmister),collab
Lemmy,Emigrate,Rock City,collab
Motörhead,Larry Wallis,,band_member
Motörhead,Eddie Clarke,,band_member
Motörhead,Pete Gill,,band_member
Motörhead,Brian Robertson,,band_member
Motörhead,Phil Campbell,,band_member
Motörhead,Phil Taylor,,band_member
Motörhead,Lucas Fox,,band_member
Motörhead,Michael Burston,,band_member
Motörhead,Ian Fraser Kilmister,,band_member
Motörhead,Micael Kiriakos Delaoglou,,band_member
Metallica,Kirk Hammett,,band_member
Metallica,Lars Ulrich,,band_member
Metallica,Dave Mustaine,,band_member
Metallica,James Hetfield,,band_member
Metallica,Cliff Burton,,band_member
Metallica,Jason Newsted,,band_member
Metallica,Robert Trujillo,,band_member
Metallica,Ron McGovney,,band_member
Metallica,J Balvin,Wherever I May Roam,collab
Metallica,Lou Reed,Pumping Blood,collab
Metallica,Marianne Faithfull,The Memory Remains,collab
Dave Mustaine,Megadeth,,band_member
Dave Mustaine,Lamb of God,Wake up Dead (feat. Dave Mustaine),collab
Robert Trujillo,Miley Cyrus,Nothing Else Matters,collab
Robert Trujillo,WATT,Nothing Else Matters,collab
Robert Trujillo,Elton John,Nothing Else Matters,collab
Robert Trujillo,Yo-Yo Ma,Nothing Else Matters,collab
Robert Trujillo,Chad Smith,Nothing Else Matters,collab
Probot,Dave Grohl,,band_member
Probot,Matt Sweeney,,band_member
Probot,Adam Kasper,,band_member
Probot,Jack Black,I Am the Warlock (feat. Jack Black),collab
Dave Grohl,Nirvana,,band_member
Dave Grohl,Foo Fighters,,band_member
Dave Grohl,Queens of the Stone Age,,band_member
Dave Grohl,Killing Joke,,band_member
Dave Grohl,Josh Homme,Mantra,collab
Dave Grohl,Trent Reznor,Mantra,collab
Dave Grohl,Them Crooked Vultures,,band_member
Dave Grohl,Paul McCartney,Cut Me Some Slack,collab
Dave Grohl,Krist Novoselic,Cut Me Some Slack,collab
Dave Grohl,Pat Smear,Cut Me Some Slack,collab
Nirvana,Chad Channing,,band_member
Nirvana,Dan Peters,,band_member
Nirvana,Dale Crover,,band_member
Nirvana,Kurt Cobain,,band_member
Nirvana,Krist Novoselic,,band_member
Nirvana,Jason Everman,,band_member
Nirvana,Aaron Burckhard,,band_member
Nirvana,Dave Foster (14),,band_member
Dan Peters,Screaming Trees,,band_member
Dale Crover,Melvins,,band_member
Krist Novoselic,Paul McCartney,Cut Me Some Slack,collab
Krist Novoselic,Pat Smear,Cut Me Some Slack,collab
Jason Everman,Soundgarden,,band_member
Courtney Love,Hole,,band_member
Courtney Love,Michael Stipe,Rio Grande,collab
Courtney Love,Jackshit,Rio Grande,collab
Michael Stipe,R.E.M.,,band_member
Michael Stipe,Jackshit,Rio Grande,collab
Michael Stipe,Placebo,Broken Promise,collab
Jackshit,Steve Youth,,band_member
Jackshit,Dave Fry,,band_member
Jackshit,Ben Wa (2),,band_member
R.E.M.,Mike Mills,,band_member
R.E.M.,Peter Buck,,band_member
R.E.M.,Bill Berry (2),,band_member
R.E.M.,Bertis Downs IV,,band_member
R.E.M.,Jefferson Holt,,band_member
Hole,Melissa Auf Der Maur,,band_member
Hole,Eric Erlandson,,band_member
Hole,Jill Emery,,band_member
Hole,Leslie Hardy,,band_member
Hole,Patty Schemel,,band_member
Hole,Samantha Maloney,,band_member
Hole,Kristen Pfaff,,band_member
Hole,Caroline Rue,,band_member
Hole,Micko Larkin,,band_member
Hole,Shawn Dailey,,band_member
Hole,Stuart Fisher (2),,band_member
Melissa Auf Der Maur,The Smashing Pumpkins,,band_member
The Smashing Pumpkins,Billy Corgan,,band_member
The Smashing Pumpkins,James Iha,,band_member
The Smashing Pumpkins,Jimmy Chamberlin,,band_member
The Smashing Pumpkins,Ginger Reyes,,band_member
The Smashing Pumpkins,D'Arcy Wretzky,,band_member
The Smashing Pumpkins,Nicole Fiorentino,,band_member
The Smashing Pumpkins,Jeff Schroeder,,band_member
The Smashing Pumpkins,Mike Byrne (2),,band_member
James Iha,A Perfect Circle,,band_member
Nine Inch Nails,Chris Vrenna,,band_member
Nine Inch Nails,Martin Atkins,,band_member
Nine Inch Nails,Joshua Eustis,,band_member
Nine Inch Nails,Trent Reznor,,band_member
Nine Inch Nails,Charlie Clouser,,band_member
Nine Inch Nails,Danny Lohner,,band_member
Nine Inch Nails,Jerome Dillon,,band_member
Nine Inch Nails,Adrian Belew,,band_member
Nine Inch Nails,Lisa Fischer,,band_member
Nine Inch Nails,Richard Patrick,,band_member
Nine Inch Nails,Sharlotte Gibson,,band_member
Nine Inch Nails,Pino Palladino,,band_member
Nine Inch Nails,Robin Finck,,band_member
Nine Inch Nails,Atticus Ross,,band_member
Nine Inch Nails,Kevin McMahon,,band_member
Nine Inch Nails,Josh Freese,,band_member
Nine Inch Nails,Justin Meldal-Johnsen,,band_member
Nine Inch Nails,Eric Avery,,band_member
Nine Inch Nails,Jeordie White,,band_member
Nine Inch Nails,Alex Carapetis,,band_member
Nine Inch Nails,Jeff Ward,,band_member
Nine Inch Nails,James Wooley,,band_member
Nine Inch Nails,Aaron North,,band_member
Nine Inch Nails,Alessandro Cortini,,band_member
Nine Inch Nails,Nick Rushe,,band_member
Nine Inch Nails,Lee Mars,,band_member
Nine Inch Nails,Ilan Rubin,,band_member
Nine Inch Nails,Gary Talpas,,band_member
Nine Inch Nails,Rich Fownes,,band_member
Nine Inch Nails,Ron Musarra,,band_member
Nine Inch Nails,David Haymes,,band_member
Chris Vrenna,Marilyn Manson,,band_member
Martin Atkins,Killing Joke,,band_member
Joshua Eustis,Puscifer,,band_member
Trent Reznor,Josh Homme,Mantra,collab
Charlie Clouser,Rob Zombie,Reload,collab
Charlie Clouser,Type O Negative,Cinnamon Girl - Depressed Mode Mix,collab
Danny Lohner,A Perfect Circle,,band_member
Adrian Belew,King Crimson,,band_member
Robin Finck,Guns N' Roses,,band_member
Josh Freese,A Perfect Circle,,band_member
Josh Freese,Foo Fighters,,band_member
Josh Freese,Guns N' Roses,,band_member
Jeordie White,A Perfect Circle,,band_member
Jeordie White,Marilyn Manson,,band_member
A Perfect Circle,Troy Van Leeuwen,,band_member
A Perfect Circle,Paz Lenchantin,,band_member
A Perfect Circle,Maynard James Keenan,,band_member
A Perfect Circle,Billy Howerdel,,band_member
A Perfect Circle,"Tim ""Herb"" Alexander",,band_member
A Perfect Circle,Jeff Friedl,,band_member
A Perfect Circle,Matt Mcjunkins,,band_member
A Perfect Circle,Renholdër,Weak And Powerless - Tilling My Grave Renholder Mix,collab
A Perfect Circle,Wes Borland,Weak And Powerless - Tilling My Grave Renholder Mix,collab
Troy Van Leeuwen,Queens of the Stone Age,,band_member
Troy Van Leeuwen,Failure,,band_member
Maynard James Keenan,Puscifer,,band_member
Jeff Friedl,Puscifer,,band_member
Matt Mcjunkins,Puscifer,,band_member
Renholdër,Wes Borland,Weak And Powerless - Tilling My Grave Renholder Mix,collab
Wes Borland,Limp Bizkit,,band_member
Wes Borland,Marilyn Manson,,band_member
Limp Bizkit,Fred Durst,,band_member
Limp Bizkit,John Otto,,band_member
Limp Bizkit,Terry Balsamo,,band_member
Limp Bizkit,Leor Dimant,,band_member
Limp Bizkit,Sammy Siegler,,band_member
Limp Bizkit,Sam Rivers (2),,band_member
Limp Bizkit,Mike Smith (15),,band_member
Limp Bizkit,Rob Waters (2),,band_member
Fred Durst,Korn,All In the Family (feat. Fred Durst),collab
Korn,Jonathan Davis,,band_member
Korn,David Silveria,,band_member
Korn,Ray Luzier,,band_member
Korn,Brian Welch,,band_member
Korn,James Shaffer,,band_member
Korn,Reginald Arvizu,,band_member
Korn,Ice Cube,Children of the Korn (feat. Ice Cube),collab
Korn,Chino Moreno,Wicked (feat. Chino Moreno),collab
Korn,Skrillex,Narcissistic Cannibal (feat. Skrillex & Kill the Noise),collab
Korn,Kill The Noise,Narcissistic Cannibal (feat. Skrillex & Kill the Noise),collab
Korn,Corey Taylor,A Different World (feat. Corey Taylor),collab
Jonathan Davis,Rob Zombie,Thunder Kiss '65 - JDevil Number Of The Beast Remix,collab
Jonathan Davis,White Zombie,Thunder Kiss '65 - JDevil Number Of The Beast Remix,collab
Jonathan Davis,Emigrate,Silent So Long,collab
Chino Moreno,Deftones,,band_member
Deftones,Sergio Vega,,band_member
Deftones,Frank Delgado,,band_member
Deftones,Abe Cunningham,,band_member
Deftones,Chi Cheng,,band_member
Deftones,Stephen Carpenter,,band_member
Deftones,Dominic Garcia,,band_member
Deftones,John Taylor (31),,band_member
Skrillex,Kill The Noise,Narcissistic Cannibal (feat. Skrillex & Kill the Noise),collab
Corey Taylor,Slipknot,,band_member
Slipknot,Joey Jordison,,band_member
Slipknot,James Root,,band_member
Slipknot,Sid Wilson,,band_member
Slipknot,Chris Fehn,,band_member
Slipknot,Paul Gray (3),,band_member
Slipknot,Shawn Crahan,,band_member
Slipknot,Craig Jones (2),,band_member
Slipknot,Mick Thomson,,band_member
Slipknot,Josh Brainard,,band_member
Slipknot,Michael Pfaff,,band_member
Slipknot,Donnie Steele,,band_member
Slipknot,Jay Weinberg,,band_member
Slipknot,Brandon Darner,,band_member
Slipknot,Eloy Casagrande,,band_member
Slipknot,Greg Welts,,band_member
Slipknot,Alessandro Venturella,,band_member
Slipknot,Kun P. Nong,,band_member
Slipknot,Andy Rouw,,band_member
deadmau5,Rob Swire,Ghosts 'n' Stuff,collab
Rob Swire,Pendulum,,band_member
The Prodigy,Liam Howlett,,band_member
The Prodigy,Keith Flint,,band_member
The Prodigy,Leeroy Thornhill,,band_member
The Prodigy,Keith Palmer,,band_member
The Prodigy,Pendulum,Voodoo People - Pendulum Mix,collab
Pendulum,Jakes,,band_member
Pendulum,Paul Kodish,,band_member
Pendulum,El Hornet,,band_member
Pendulum,Peredur Ap Gwynedd,,band_member
Pendulum,Gareth McGrillen,,band_member
Pendulum,Paul Harding (3),,band_member
Pendulum,KJ Sawka,,band_member
Pendulum,Benjamin Mount,,band_member
Pendulum,Matt White (3),,band_member
Pendulum,In Flames,Self vs Self (feat. In Flames),collab
Pendulum,Steven Wilson,The Fountain (feat. Steven Wilson),collab
In Flames,Jesper Strömblad,,band_member
In Flames,Anders Fridén,,band_member
In Flames,Daniel Erlandsson,,band_member
In Flames,Anders Iwers,,band_member
In Flames,Johan Larsson,,band_member
In Flames,Glenn Ljungström,,band_member
In Flames,Björn Gelotte,,band_member
In Flames,Carl Näslund,,band_member
In Flames,Daniel Svensson,,band_member
In Flames,Peter Iwers,,band_member
In Flames,Chris Broderick,,band_member
In Flames,Niclas Engelin,,band_member
In Flames,Joe Rickard,,band_member
In Flames,Tanner Wayne,,band_member
In Flames,Bryce Paul Newman,,band_member
Chris Broderick,Megadeth,,band_member
Ghost,Martin Persner,,band_member
Ghost,Simon Söderberg,,band_member
Ghost,Tobias Forge,,band_member
Ghost,Rikard Ottosson,,band_member
Ghost,Aksel Holmgren,,band_member
Ghost,Gustaf Lindström,,band_member
Ghost,Megan X Thomas,,band_member
Ghost,Joe Elliott,Spillways [Feat. Joe Elliott],collab
Ghost,Alison Mosshart,He Is,collab
Martin Persner,MCC [Magna Carta Cartel],,band_member
Martin Persner,Novarupta,Trieste,collab
Simon Söderberg,MCC [Magna Carta Cartel],,band_member
Tobias Forge,MCC [Magna Carta Cartel],,band_member
Foo Fighters,Taylor Hawkins,,band_member
Foo Fighters,Rami Jaffee,,band_member
Foo Fighters,Nate Mendel,,band_member
Foo Fighters,William Goldsmith,,band_member
Foo Fighters,Franz Stahl,,band_member
Foo Fighters,Chris Shiflett,,band_member
Foo Fighters,Georg Ruthenberg,,band_member
Taylor Hawkins,Dennis Wilson,Holy Man (Hawkins - May - Taylor - Wilson Version),collab
Taylor Hawkins,Brian May,Holy Man (Hawkins - May - Taylor - Wilson Version),collab
Taylor Hawkins,Roger Taylor,Holy Man (Hawkins - May - Taylor - Wilson Version),collab
Queens of the Stone Age,Mark Lanegan,,band_member
Queens of the Stone Age,Josh Homme,,band_member
Queens of the Stone Age,Alain Johannes,,band_member
Queens of the Stone Age,Chris Goss,,band_member
Queens of the Stone Age,Nick Oliveri,,band_member
Queens of the Stone Age,Jon Theodore,,band_member
Queens of the Stone Age,Natasha Shneider,,band_member
Queens of the Stone Age,Joey Castillo,,band_member
Queens of the Stone Age,David Catching,,band_member
Queens of the Stone Age,Matt Cameron,,band_member
Queens of the Stone Age,John McBain,,band_member
Queens of the Stone Age,Van Conner,,band_member
Queens of the Stone Age,Mario Lalli,,band_member
Queens of the Stone Age,Jason Albertini,,band_member
Queens of the Stone Age,Eva Nahon,,band_member
Queens of the Stone Age,Milo Beenhakker,,band_member
Queens of the Stone Age,Alfredo Hernandez,,band_member
Queens of the Stone Age,Dan Druff,,band_member
Queens of the Stone Age,Mike Johnson (8),,band_member
Queens of the Stone Age,Gene Trautmann,,band_member
Queens of the Stone Age,Nick Lucero,,band_member
Queens of the Stone Age,Dean Fertita,,band_member
Queens of the Stone Age,Mikey Shuman,,band_member
Queens of the Stone Age,Brendon McNichol,,band_member
Mark Lanegan,Screaming Trees,,band_member
Mark Lanegan,PJ Harvey,Hit the City,collab
Mark Lanegan,Moby,The Lonely Night - Reprise Version,collab
Mark Lanegan,Kris Kristofferson,The Lonely Night - Reprise Version,collab
Josh Homme,Kyuss,,band_member
Josh Homme,Them Crooked Vultures,,band_member
Josh Homme,Screaming Trees,,band_member
Nick Oliveri,Kyuss,,band_member
Matt Cameron,Soundgarden,,band_member
Van Conner,Screaming Trees,,band_member
Alfredo Hernandez,Kyuss,,band_member
Dean Fertita,The Dead Weather,,band_member
Dean Fertita,The Raconteurs,,band_member
Tenacious D,Jack Black (2),,band_member
Tenacious D,Kyle Gass,,band_member
Emigrate,Olsen Involtini,,band_member
Emigrate,Mikko Sirén,,band_member
Emigrate,Richard Kruspe Bernstein,,band_member
Emigrate,Henka Johansson,,band_member
Emigrate,Arnaud Giroux,,band_member
Emigrate,Margaux Bossieux,,band_member
Emigrate,Joe Letz,,band_member
Emigrate,Marilyn Manson,Hypothetical,collab
Emigrate,Cardinal Copia,I'm Not Afraid,collab
Richard Kruspe Bernstein,Rammstein,,band_member
Marilyn Manson,Tyler Bates,,band_member
Marilyn Manson,Ginger Fish,,band_member
Marilyn Manson,Scott Putesky,,band_member
Marilyn Manson,Tim Skold,,band_member
Marilyn Manson,Juan Alderete de la Pena,,band_member
Marilyn Manson,John Lowery,,band_member
Marilyn Manson,Sara Lee Lucas,,band_member
Marilyn Manson,Gil Sharone,,band_member
Marilyn Manson,Brad Stewart,,band_member
Marilyn Manson,Brian Warner (2),,band_member
Marilyn Manson,Timothy Linton,,band_member
Marilyn Manson,Matt Montgomery (2),,band_member
Marilyn Manson,Stephen Bier,,band_member
Marilyn Manson,Daniel Fox (2),,band_member
Marilyn Manson,Fred Sablan,,band_member
Marilyn Manson,Reba Meyers,,band_member
Marilyn Manson,Paul Wiley (2),,band_member
Marilyn Manson,Brandon Pertzborn,,band_member
Marilyn Manson,Avril Lavigne,Bad Girl (feat. Marilyn Manson),collab
Marilyn Manson,Rob Zombie,Helter Skelter,collab
Avril Lavigne,YUNGBLUD,I’m a Mess (with YUNGBLUD),collab
Avril Lavigne,ILLENIUM,Eyes Wide Shut,collab
Avril Lavigne,Travis Barker,Eyes Wide Shut,collab
Avril Lavigne,Billy Idol,77 - feat. Avril Lavigne,collab
Avril Lavigne,Simple Plan,Young & Dumb (feat. Simple Plan),collab
Rob Zombie,Five Finger Death Punch,Burn MF (feat Rob Zombie),collab
Rob Zombie,White Zombie,Thunder Kiss '65 - JDevil Number Of The Beast Remix,collab
Five Finger Death Punch,Darrell Roberts,,band_member
Five Finger Death Punch,Jeremy Spencer (2),,band_member
Five Finger Death Punch,Zoltan Bathory,,band_member
Five Finger Death Punch,Ivan Moody (2),,band_member
Five Finger Death Punch,Jason Hook,,band_member
Five Finger Death Punch,Matt Snell,,band_member
Five Finger Death Punch,Chris Kael,,band_member
Five Finger Death Punch,Caleb Bingham,,band_member
Five Finger Death Punch,Andy James (9),,band_member
Five Finger Death Punch,Charlie Engen,,band_member
White Zombie,Jay Yuenger,,band_member
White Zombie,John Tempesta,,band_member
White Zombie,Ivan DePrume,,band_member
White Zombie,John Ricci,,band_member
White Zombie,Phil Buerstatte,,band_member
White Zombie,Tim Jeffs,,band_member
White Zombie,Peter Landau,,band_member
White Zombie,"Paul ""Ena"" Kostabi",,band_member
White Zombie,Shauna Reynolds,,band_member
White Zombie,Robert Cummings (2),,band_member
White Zombie,Tom Guay (2),,band_member
Type O Negative,Josh Silver,,band_member
Type O Negative,Johnny Kelly,,band_member
Type O Negative,Kenny Hickey,,band_member
Type O Negative,Sal Abruscato,,band_member
Type O Negative,Peter Ratajczyk,,band_member
Rammstein,Christoph Schneider,,band_member
Rammstein,Paul Landers,,band_member
Rammstein,Christian Lorenz,,band_member
Rammstein,Till Lindemann,,band_member
Rammstein,Oliver Riedel,,band_member
Killing Joke,Paul Raven,,band_member
Killing Joke,Greg Hunter,,band_member
Killing Joke,Jaz Coleman,,band_member
Killing Joke,Kris Kylven,,band_member
Killing Joke,Ted Parsons,,band_member
Killing Joke,Paul Ferguson (2),,band_member
Killing Joke,Geordie Walker,,band_member
Killing Joke,Reza Udhin,,band_member
Killing Joke,Geoff Dugmore,,band_member
Killing Joke,Ben Calvert,,band_member
Killing Joke,Martin Glover,,band_member
Killing Joke,Dave Ball (3),,band_member
Killing Joke,Kneill Brown,,band_member
Killing Joke,Tom Dalgety,Big Buzz - Motorcade Mix,collab
Killing Joke,Nick Evans,Big Buzz - Motorcade Mix,collab
Tom Dalgety,Nick Evans,Big Buzz - Motorcade Mix,collab
Massive Attack,Robert Del Naja,,band_member
Massive Attack,Grant Marshall,,band_member
Massive Attack,Andrew Vowles,,band_member
Massive Attack,Adrian Thaws,,band_member
Massive Attack,Elizabeth Fraser,Teardrop,collab
Massive Attack,Damon Albarn,Saturday Come Slow,collab
Massive Attack,Guy Garvey,Fatalism - Ryuchi Sakamoto & Yukihiro Takahashi Remix,collab
Massive Attack,Ryuichi Sakamoto,Fatalism - Ryuchi Sakamoto & Yukihiro Takahashi Remix,collab
Massive Attack,Yukihiro Takahashi,Fatalism - Ryuchi Sakamoto & Yukihiro Takahashi Remix,collab
Massive Attack,Madonna,I Want You,collab
Massive Attack,David Bowie,"Nature Boy - From ""Moulin Rouge"" Soundtrack",collab
Elizabeth Fraser,Cocteau Twins,,band_member
Cocteau Twins,Robin Guthrie,,band_member
Cocteau Twins,Simon Raymonde,,band_member
Cocteau Twins,Ben Blakeman,,band_member
Cocteau Twins,Will Heggie,,band_member
Cocteau Twins,Harold Budd,"Sea, Swallow Me",collab
Spice,Emma Bunton,,band_member
Spice,Geri Halliwell,,band_member
Spice,Melanie Chisholm,,band_member
Spice,Melanie Brown,,band_member
Spice,Victoria Adams,,band_member
Spice,Sean Paul,Go Down Deh (feat. Sean Paul & Shaggy),collab
Spice,Shaggy,Go Down Deh (feat. Sean Paul & Shaggy),collab
Sean Paul,Shaggy,Go Down Deh (feat. Sean Paul & Shaggy),collab
Sean Paul,Paul McCartney,Love Song to the Earth,collab
Sean Paul,Jon Bon Jovi,Love Song to the Earth,collab
Sean Paul,Sheryl Crow,Love Song to the Earth,collab
Sean Paul,Fergie,Love Song to the Earth,collab
Sean Paul,Colbie Caillat,Love Song to the Earth,collab
Sean Paul,Natasha Bedingfield,Love Song to the Earth,collab
Sean Paul,Leona Lewis,Love Song to the Earth,collab
Sean Paul,Johnny Rzeznik,Love Song to the Earth,collab
Sean Paul,Krewella,Love Song to the Earth,collab
Sean Paul,Angelique Kidjo,Love Song to the Earth,collab
Sean Paul,Kelsea Ballerini,Love Song to the Earth,collab
Sean Paul,Nicole Scherzinger,Love Song to the Earth,collab
Sean Paul,Christina Grimmie,Love Song to the Earth,collab
Sean Paul,Victoria Justice,Love Song to the Earth,collab
Sean Paul,Q'orianka Kilcher,Love Song to the Earth,collab
Sean Paul,Sia,Cheap Thrills (feat. Sean Paul),collab
Sean Paul,Simple Plan,Summer Paradise (feat. Sean Paul) - Single Version,collab
Shaggy,Costi,Pretty Woman - Long Version,collab
Shaggy,Boy Spyce,Pretty Woman - Long Version,collab
Shaggy,Konshens,Pretty Woman - Long Version,collab
Shaggy,Sting,Don't Make Me Wait (with Shaggy),collab
Costi,Boy Spyce,Pretty Woman - Long Version,collab
Costi,Konshens,Pretty Woman - Long Version,collab
Boy Spyce,Konshens,Pretty Woman - Long Version,collab
Sting,Snoop Dogg,Another Part Of Me (feat. Sting),collab
Sting,Dr. Dre,Another Part Of Me (feat. Sting),collab
Sting,Jools Holland,Seventh Son,collab
MCC [Magna Carta Cartel],Arvid Persner,,band_member
MCC [Magna Carta Cartel],Pär Glendor,,band_member
Novarupta,Alex Stjernfeldt,,band_member
Steve Aoki,The Bloody Beetroots,New Noise,collab
Steve Aoki,Refused,New Noise,collab
The Bloody Beetroots,Simone Cogo,,band_member
The Bloody Beetroots,Refused,New Noise,collab
The Bloody Beetroots,Tom Morello,Lightning Over Mexico,collab
The Bloody Beetroots,Ana Tijoux,Lightning Over Mexico,collab
The Bloody Beetroots,Jet,My Name Is Thunder (Rock Version) - Bonus Track,collab
Refused,Mattias Bärjed,,band_member
Refused,David Sandström,,band_member
Refused,Dennis Lyxzén,,band_member
Refused,Magnus Björklund,,band_member
Refused,Kristofer Steen,,band_member
Refused,Jon Brännström,,band_member
Refused,Ulf Nyberg,,band_member
Refused,Pär Hansson,,band_member
Refused,Magnus Höggren,,band_member
Refused,Henrik Jansson (2),,band_member
Refused,Jonas Lidgren,,band_member
Refused,SAMURAI,Chippin' In,collab
Tom Morello,Ana Tijoux,Lightning Over Mexico,collab
Jet,Mark Wilson (3),,band_member
Jet,Nic Cester,,band_member
Jet,Cameron Muncey,,band_member
Jet,Chris Cester,,band_member
Jet,Doug Armstrong (2),,band_member
SAMURAI,Yujin Harada,,band_member
SAMURAI,Tetsu Yamauchi,,band_member
SAMURAI,Sabu Toyozumi,,band_member
SAMURAI,Mike Walker (4),,band_member
SAMURAI,Joe Dunnet,,band_member
SAMURAI,Hiro Izumi,,band_member
SAMURAI,John Redfern (2),,band_member
SAMURAI,Goro Yamamoto,,band_member
SAMURAI,Kunimitsu Fuyuume,,band_member
Tetsu Yamauchi,Free,,band_member
mgk,YUNGBLUD,I Think I'm OKAY (with YUNGBLUD & Travis Barker),collab
mgk,Travis Barker,I Think I'm OKAY (with YUNGBLUD & Travis Barker),collab
mgk,X Ambassadors,"Home (with Machine Gun Kelly, X Ambassadors & Bebe Rexha)",collab
mgk,Bebe Rexha,"Home (with Machine Gun Kelly, X Ambassadors & Bebe Rexha)",collab
YUNGBLUD,Travis Barker,I Think I'm OKAY (with YUNGBLUD & Travis Barker),collab
YUNGBLUD,Bring Me The Horizon,Obey (with YUNGBLUD),collab
Travis Barker,blink-182,,band_member
Travis Barker,+44,,band_member
Travis Barker,Bebe Rexha,Break My Heart Myself (feat. Travis Barker),collab
Travis Barker,ILLENIUM,Eyes Wide Shut,collab
Travis Barker,Transplants,,band_member
Travis Barker,Slash,Saturday Night,collab
Bring Me The Horizon,Jona Weinhofen,,band_member
Bring Me The Horizon,Matthew Nicholls (2),,band_member
Bring Me The Horizon,Curtis Ward,,band_member
Bring Me The Horizon,Oliver Sykes,,band_member
Bring Me The Horizon,Lee Malia,,band_member
Bring Me The Horizon,Matt Kean,,band_member
Bring Me The Horizon,Jordan Fish (2),,band_member
Bring Me The Horizon,Ed Sheeran,Bad Habits (feat. Bring Me The Horizon),collab
Ed Sheeran,Eminem,River (feat. Ed Sheeran),collab
Mastodon,Bill Kelliher,,band_member
Mastodon,Troy Sanders,,band_member
Mastodon,Brann Dailor,,band_member
Mastodon,Brent Hinds,,band_member
Mastodon,Eric Saner,,band_member
Troy Sanders,Kvelertak,Crack of Doom (feat. Troy Sanders),collab
Kvelertak,Ivar Nikolaisen,,band_member
Kvelertak,Håvard Takle Ohr,,band_member
Kvelertak,Erlend Hjelvik,,band_member
Kvelertak,Vidar Landa,,band_member
Kvelertak,Bjarte Lund Rolland,,band_member
Kvelertak,Kjetil Gjermundrød,,band_member
Kvelertak,Maciek Ofstad,,band_member
Kvelertak,Marvin Nygaard,,band_member
Kvelertak,Anders Mosness,,band_member
Kyuss,John Garcia (2),,band_member
Kyuss,Brant Bjork,,band_member
Kyuss,Scott Reeder,,band_member
Kyuss,Chris Cockrell,,band_member
Them Crooked Vultures,John Baldwin,,band_member
John Baldwin,Led Zeppelin,,band_member
Led Zeppelin,Jimmy Page,,band_member
Led Zeppelin,Robert Plant,,band_member
Led Zeppelin,John Bonham,,band_member
Robert Plant,Jools Holland,Let the Boogie Woogie Roll (feat. Robert Plant),collab
Failure,Ken Andrews,,band_member
Failure,Greg Edwards (2),,band_member
Failure,Kellii Scott,,band_member
Failure,Robert Gauss,,band_member
Greg Edwards (2),Puscifer,,band_member
Puscifer,Paul Barker,,band_member
Puscifer,Mat Mitchell,,band_member
Puscifer,Sarah Jones (3),,band_member
Puscifer,Carina Round,,band_member
Puscifer,Gunnar Olsen,,band_member
Melvins,Paul Leary,,band_member
Melvins,Joe Preston,,band_member
Melvins,Billy Anderson,,band_member
Melvins,Trevor Dunn,,band_member
Melvins,Mark Deutrom,,band_member
Melvins,Kevin Rutmanis,,band_member
Melvins,Jeffrey Pinkus,,band_member
Melvins,Matt Lukin,,band_member
Melvins,Lori Black,,band_member
Melvins,Coady Willis,,band_member
Melvins,Steven McDonald,,band_member
Melvins,David Scott Stone,,band_member
Melvins,Jared Warren,,band_member
Melvins,Mike Dillard,,band_member
Melvins,Dave Sharp (5),,band_member
Melvins,Roger Osborne,,band_member
Damon Albarn,Blur,,band_member
Damon Albarn,Gorillaz,,band_member
Damon Albarn,Marianne Faithfull,Last Song,collab
Guy Garvey,Ryuichi Sakamoto,Fatalism - Ryuchi Sakamoto & Yukihiro Takahashi Remix,collab
Guy Garvey,Yukihiro Takahashi,Fatalism - Ryuchi Sakamoto & Yukihiro Takahashi Remix,collab
Ryuichi Sakamoto,Yukihiro Takahashi,Fatalism - Ryuchi Sakamoto & Yukihiro Takahashi Remix,collab
Ryuichi Sakamoto,David Sylvian,Forbidden Colors,collab
David Sylvian,Japan,,band_member
Blur,Graham Coxon,,band_member
Blur,Dave Rowntree,,band_member
Blur,Alex James (2),,band_member
Gorillaz,Miho Hatori,,band_member
Gorillaz,Junior Dan,,band_member
Gorillaz,Morgan Nicholls,,band_member
Gorillaz,Simon Tong,,band_member
Gorillaz,Mike Smith (3),,band_member
Gorillaz,Cass Browne,,band_member
Gorillaz,Jamie Hewlett,,band_member
Gorillaz,Dan Nakamura,,band_member
Gorillaz,Teren Delvon Jones,,band_member
Gorillaz,Seye Adelekan,,band_member
Gorillaz,Jeff Wootton,,band_member
Gorillaz,Remi Kabaka Jr.,,band_member
Gorillaz,MF DOOM,November Has Come,collab
Gorillaz,Lou Reed,Some Kind of Nature (feat. Lou Reed),collab
Gorillaz,Beck,The Valley of The Pagans (feat. Beck),collab
Japan,Mick Karn,,band_member
Japan,Steve Jansen,,band_member
Japan,Richard Barbieri,,band_member
Japan,Rob Dean,,band_member
Richard Barbieri,Porcupine Tree,,band_member
Porcupine Tree,Steven Wilson,,band_member
Porcupine Tree,Colin Edwin,,band_member
Porcupine Tree,Gavin Harrison,,band_member
Porcupine Tree,Chris Maitland,,band_member
Gavin Harrison,The Pineapple Thief,,band_member
Gavin Harrison,King Crimson,,band_member
The Pineapple Thief,Bruce Soord,,band_member
The Pineapple Thief,Steve Kitch,,band_member
The Pineapple Thief,Keith Harrison (4),,band_member
The Pineapple Thief,Jon Sykes,,band_member
The Pineapple Thief,Matt O'Leary,,band_member
King Crimson,Robert Fripp,,band_member
King Crimson,Mel Collins,,band_member
King Crimson,Bill Bruford,,band_member
King Crimson,William Rieflin,,band_member
King Crimson,David Cross,,band_member
King Crimson,Keith Tippett,,band_member
King Crimson,John Wetton,,band_member
King Crimson,Jamie Muir,,band_member
King Crimson,Gordon Haskell,,band_member
King Crimson,Andy McCulloch,,band_member
King Crimson,Peter Sinfield,,band_member
King Crimson,Tony Levin,,band_member
King Crimson,Ian McDonald,,band_member
King Crimson,Greg Lake,,band_member
King Crimson,Michael Giles,,band_member
King Crimson,Trey Gunn,,band_member
King Crimson,Pat Mastelotto,,band_member
King Crimson,Jeremy Stacey,,band_member
King Crimson,Boz Burrell,,band_member
King Crimson,Ian Wallace,,band_member
King Crimson,Jakko M. Jakszyk,,band_member
King Crimson,Raymond Burrell,,band_member
King Crimson,Chris Gibson (10),,band_member
John Wetton,Asia,,band_member
Greg Lake,"Emerson, Lake & Palmer",,band_member
Greg Lake,Asia,,band_member
Greg Lake,"Emerson, Lake & Powell",,band_member
Boz Burrell,Bad Company,,band_member
Raymond Burrell,Bad Company,,band_member
"Emerson, Lake & Palmer",Keith Emerson,,band_member
"Emerson, Lake & Palmer",Carl Palmer,,band_member
Keith Emerson,"Emerson, Lake & Powell",,band_member
Carl Palmer,Asia,,band_member
Asia,Neil Lockwood,,band_member
Asia,Steve Howe,,band_member
Asia,Billy Sherwood,,band_member
Asia,Pat Thrall,,band_member
Asia,Al Pitrelli,,band_member
Asia,Geoff Downes,,band_member
Asia,Jay Schellen,,band_member
Asia,Nigel Glockler,,band_member
Asia,Chris Slade,,band_member
Asia,Vinny Burns,,band_member
Asia,Michael Sturgis,,band_member
Asia,Mandy Meyer,,band_member
Asia,Guthrie Govan,,band_member
Asia,Marc Bonilla,,band_member
Asia,John Payne (6),,band_member
Asia,Sam Coulson,,band_member
Asia,Harry Whitley,,band_member
Al Pitrelli,Megadeth,,band_member
"Emerson, Lake & Powell",Cozy Powell,,band_member
Cozy Powell,Rainbow,,band_member
Cozy Powell,Black Sabbath,,band_member
Cozy Powell,Whitesnake,,band_member
Rainbow,Roger Glover,,band_member
Rainbow,Dave Rosenthal,,band_member
Rainbow,Tony Carey,,band_member
Rainbow,Bob Daisley,,band_member
Rainbow,Ritchie Blackmore,,band_member
Rainbow,Jens Johansson,,band_member
Rainbow,Gary Driscoll,,band_member
Rainbow,Mickey Lee Soule,,band_member
Rainbow,Ronald Padavona,,band_member
Rainbow,Paul Morris,,band_member
Rainbow,Don Airey,,band_member
Rainbow,Jimmy Bain,,band_member
Rainbow,Graham Bonnet,,band_member
Rainbow,Chuck Bürgi,,band_member
Rainbow,Bobby Rondinelli,,band_member
Rainbow,Jack Green,,band_member
Rainbow,Craig Gruber,,band_member
Rainbow,Mark Clarke (2),,band_member
Rainbow,John Miceli,,band_member
Rainbow,David Stone (3),,band_member
Rainbow,John O. Reilly,,band_member
Rainbow,Greg Smith (6),,band_member
Rainbow,Doogie White,,band_member
Rainbow,Bob Curiano,,band_member
Rainbow,David Keith (4),,band_member
Rainbow,Ronnie Romero,,band_member
Rainbow,Joseph Arthur Linquito,,band_member
Bob Daisley,Black Sabbath,,band_member
Jens Johansson,Dio,,band_member
Ronald Padavona,Black Sabbath,,band_member
Ronald Padavona,Dio,,band_member
Ronald Padavona,Heaven & Hell,,band_member
Jimmy Bain,Dio,,band_member
Bobby Rondinelli,Black Sabbath,,band_member
Craig Gruber,Black Sabbath,,band_member
Jeff Beck,Rod Stewart,People Get Ready,collab
Jeff Beck,Eric Clapton,Moon River,collab
Jeff Beck,ZZ Top,Sixteen Tons (feat. Jeff Beck) - Live from London,collab
Jeff Beck,Roger Taylor,Say It's Not True,collab
Jeff Beck,Jools Holland,Drown in My Own Tears - Instrumental,collab
Rod Stewart,A$AP Rocky,"Everyday (feat. Rod Stewart, Miguel & Mark Ronson)",collab
Rod Stewart,Miguel,"Everyday (feat. Rod Stewart, Miguel & Mark Ronson)",collab
Rod Stewart,Mark Ronson,"Everyday (feat. Rod Stewart, Miguel & Mark Ronson)",collab
Eric Clapton,Derek & The Dominos,,band_member
Eric Clapton,Howlin' Wolf,I Ain't Superstitious,collab
Eric Clapton,Steve Winwood,I Ain't Superstitious,collab
Eric Clapton,Ringo Starr,I Ain't Superstitious,collab
Eric Clapton,Bill Wyman,I Ain't Superstitious,collab
Eric Clapton,Bob Dylan,"My Back Pages - Live at Madison Square Garden, New York, NY - October 1992",collab
Eric Clapton,Roger McGuinn,"My Back Pages - Live at Madison Square Garden, New York, NY - October 1992",collab
Eric Clapton,Tom Petty,"My Back Pages - Live at Madison Square Garden, New York, NY - October 1992",collab
Eric Clapton,Neil Young,"My Back Pages - Live at Madison Square Garden, New York, NY - October 1992",collab
Eric Clapton,George Harrison,"My Back Pages - Live at Madison Square Garden, New York, NY - October 1992",collab
Eric Clapton,Jools Holland,Message to My Son,collab
Eric Clapton,Solomon Burke,Message to My Son,collab
ZZ Top,Billy Gibbons,,band_member
ZZ Top,Dusty Hill,,band_member
ZZ Top,Frank Beard,,band_member
ZZ Top,Lanier Greig,,band_member
ZZ Top,Dan Mitchell (3),,band_member
ZZ Top,Elwood Francis,,band_member
Black Sabbath,Neil Murray,,band_member
Black Sabbath,Tony Iommi,,band_member
Black Sabbath,Bill Ward,,band_member
Black Sabbath,Rob Halford,,band_member
Black Sabbath,Mike Bordin,,band_member
Black Sabbath,Glenn Hughes,,band_member
Black Sabbath,Jo Burt,,band_member
Black Sabbath,Eric Singer,,band_member
Black Sabbath,Terry Chimes,,band_member
Black Sabbath,Geezer Butler,,band_member
Black Sabbath,Ian Gillan,,band_member
Black Sabbath,Geoff Nicholls,,band_member
Black Sabbath,Bev Bevan,,band_member
Black Sabbath,Ray Gillen,,band_member
Black Sabbath,Vinny Appice,,band_member
Black Sabbath,Gordon Copley,,band_member
Black Sabbath,Dave Spitz,,band_member
Black Sabbath,Jeff Fenholt,,band_member
Black Sabbath,Dave Walker (6),,band_member
Black Sabbath,David Donato,,band_member
Black Sabbath,Anthony Philip Harford,,band_member
Neil Murray,Whitesnake,,band_member
Tony Iommi,Heaven & Hell,,band_member
Geezer Butler,Heaven & Hell,,band_member
Vinny Appice,Dio,,band_member
Vinny Appice,Heaven & Hell,,band_member
Dave Walker (6),Fleetwood Mac,,band_member
Dio,Rudy Sarzo,,band_member
Dio,Rowan Robertson,,band_member
Dio,Jeff Pilson,,band_member
Dio,Vivian Campbell,,band_member
Dio,Claude Schnell,,band_member
Dio,Scott Warren,,band_member
Dio,Teddy Cook,,band_member
Dio,Simon Wright (4),,band_member
Dio,Jerry Best,,band_member
Dio,Craig Goldy,,band_member
Dio,Doug Aldrich,,band_member
Dio,Jake Williams (5),,band_member
Dio,Tracy Grijalva,,band_member
Rudy Sarzo,Whitesnake,,band_member
Vivian Campbell,Whitesnake,,band_member
Vivian Campbell,Def Leppard,,band_member
Doug Aldrich,Whitesnake,,band_member
Whitesnake,Steve Vai,,band_member
Whitesnake,Aynsley Dunbar,,band_member
Whitesnake,Chris Frazier,,band_member
Whitesnake,Ian Paice,,band_member
Whitesnake,Jon Lord,,band_member
Whitesnake,Tommy Aldridge,,band_member
Whitesnake,Brett Tuggle,,band_member
Whitesnake,Reb Beach,,band_member
Whitesnake,Colin Hodgkinson,,band_member
Whitesnake,Bernie Marsden,,band_member
Whitesnake,Brian Tichy,,band_member
Whitesnake,David Coverdale,,band_member
Whitesnake,John Sykes,,band_member
Whitesnake,Micky Moody,,band_member
Whitesnake,Mel Galley,,band_member
Whitesnake,Denny Carmassi,,band_member
Whitesnake,Uriah Duffy,,band_member
Whitesnake,Dave Dowle,,band_member
Whitesnake,Adrian Vandenberg,,band_member
Whitesnake,Marco Mendoza,,band_member
Whitesnake,Timothy Drury,,band_member
Whitesnake,Brian Johnstone,,band_member
Whitesnake,Joel Hoekstra,,band_member
Whitesnake,Michele Luppi,,band_member
Whitesnake,Michael Devin (2),,band_member
Whitesnake,Tanya O'Callaghan,,band_member
Whitesnake,Dino Jelusić,,band_member
Whitesnake,Rick Serrate,,band_member
Def Leppard,Phil Collen,,band_member
Def Leppard,Joe Elliott,,band_member
Def Leppard,Rick Savage,,band_member
Def Leppard,Pete Willis,,band_member
Def Leppard,Steve Clark (5),,band_member
Def Leppard,Rick Allen (2),,band_member
Def Leppard,Tony Kenning,,band_member
Def Leppard,Brian May,"Now I'm Here - Live At The Freddie Mercury Tribute Concert, Wembley, London / 1992",collab
Paul McCartney,The Beatles,,band_member
Paul McCartney,Wings,,band_member
Paul McCartney,Pat Smear,Cut Me Some Slack,collab
Paul McCartney,Dolly Parton,Let It Be (feat. Paul McCartney and Ringo Starr),collab
Paul McCartney,Ringo Starr,Let It Be (feat. Paul McCartney and Ringo Starr),collab
Paul McCartney,Jeff Lynne,Beautiful Night - 2020 Remaster,collab
Paul McCartney,Linda McCartney,Beautiful Night - 2020 Remaster,collab
Paul McCartney,Rihanna,FourFiveSeconds,collab
Paul McCartney,Kanye West,FourFiveSeconds,collab
Paul McCartney,Michael Jackson,The Girl Is Mine (with Paul McCartney),collab
Paul McCartney,Khruangbin,Pretty Boys (feat. Khruangbin),collab
Paul McCartney,Jon Bon Jovi,Love Song to the Earth,collab
Paul McCartney,Sheryl Crow,Love Song to the Earth,collab
Paul McCartney,Fergie,Love Song to the Earth,collab
Paul McCartney,Colbie Caillat,Love Song to the Earth,collab
Paul McCartney,Natasha Bedingfield,Love Song to the Earth,collab
Paul McCartney,Leona Lewis,Love Song to the Earth,collab
Paul McCartney,Johnny Rzeznik,Love Song to the Earth,collab
Paul McCartney,Krewella,Love Song to the Earth,collab
Paul McCartney,Angelique Kidjo,Love Song to the Earth,collab
Paul McCartney,Kelsea Ballerini,Love Song to the Earth,collab
Paul McCartney,Nicole Scherzinger,Love Song to the Earth,collab
Paul McCartney,Christina Grimmie,Love Song to the Earth,collab
Paul McCartney,Victoria Justice,Love Song to the Earth,collab
Paul McCartney,Q'orianka Kilcher,Love Song to the Earth,collab
Manic Street Preachers,James Dean Bradfield,,band_member
Manic Street Preachers,Richey Edwards,,band_member
Manic Street Preachers,Sean Moore,,band_member
Manic Street Preachers,Nick Jones (5),,band_member
Manic Street Preachers,Nina Persson,Your Love Alone Is Not Enough (feat. Nina Persson),collab
Nina Persson,The Cardigans,,band_member
The Cardigans,Peter Svensson,,band_member
The Cardigans,Magnus Sveningsson,,band_member
The Cardigans,Bengt Lagerberg,,band_member
The Cardigans,Lars-Olof Johansson,,band_member
The Cardigans,Mattias Alfheim,,band_member
The Cardigans,Tom Jones,Burning Down The House,collab
Tom Jones,Stereophonics,Mama Told Me Not To Come,collab
Tom Jones,Robbie Williams,Are You Gonna Go My Way,collab
Tom Jones,Jools Holland,It'll Be Me,collab
Stereophonics,Kelly Jones,,band_member
Stereophonics,Javier Weyler,,band_member
Stereophonics,Jamie Morrison,,band_member
Stereophonics,Richard Jones (6),,band_member
Stereophonics,Stuart Cable,,band_member
Stereophonics,Adam Zindani,,band_member
Stereophonics,Jools Holland,Handbags And Gladrags,collab
Robbie Williams,Brad Paisley,"Collision of Worlds - From ""Cars 2""/Soundtrack Version",collab
Robbie Williams,Kylie Minogue,Kids,collab
Brad Paisley,Dolly Parton,When I Get Where I'm Going (feat. Dolly Parton),collab
Dolly Parton,Ringo Starr,Let It Be (feat. Paul McCartney and Ringo Starr),collab
Dolly Parton,Miley Cyrus,Wrecking Ball,collab
Dolly Parton,Michael Bolton,I Will Always Love You,collab
Ringo Starr,Howlin' Wolf,I Ain't Superstitious,collab
Ringo Starr,Steve Winwood,I Ain't Superstitious,collab
Ringo Starr,Bill Wyman,I Ain't Superstitious,collab
Ringo Starr,Jeff Lynne,Beautiful Night - 2020 Remaster,collab
Ringo Starr,Linda McCartney,Beautiful Night - 2020 Remaster,collab
Ringo Starr,Jools Holland,Boys,collab
Miley Cyrus,WATT,Nothing Else Matters,collab
Miley Cyrus,Elton John,Nothing Else Matters,collab
Miley Cyrus,Yo-Yo Ma,Nothing Else Matters,collab
Miley Cyrus,Chad Smith,Nothing Else Matters,collab
Michael Bolton,Richard Clayderman,(They Long to Be) Close to You (feat. Michael Bolton),collab
Howlin' Wolf,Steve Winwood,I Ain't Superstitious,collab
Howlin' Wolf,Bill Wyman,I Ain't Superstitious,collab
Steve Winwood,Bill Wyman,I Ain't Superstitious,collab
Steve Winwood,Jools Holland,I'm Ready,collab
Jeff Lynne,Traveling Wilburys,,band_member
Jeff Lynne,Linda McCartney,Beautiful Night - 2020 Remaster,collab
Linda McCartney,Wings,,band_member
Rihanna,Kanye West,FourFiveSeconds,collab
Khruangbin,"Donald Johnson, Jr.",,band_member
Khruangbin,Laura Lee (5),,band_member
Khruangbin,Mark Speer,,band_member
Jon Bon Jovi,Bon Jovi,,band_member
Jon Bon Jovi,Sheryl Crow,Love Song to the Earth,collab
Jon Bon Jovi,Fergie,Love Song to the Earth,collab
Jon Bon Jovi,Colbie Caillat,Love Song to the Earth,collab
Jon Bon Jovi,Natasha Bedingfield,Love Song to the Earth,collab
Jon Bon Jovi,Leona Lewis,Love Song to the Earth,collab
Jon Bon Jovi,Johnny Rzeznik,Love Song to the Earth,collab
Jon Bon Jovi,Krewella,Love Song to the Earth,collab
Jon Bon Jovi,Angelique Kidjo,Love Song to the Earth,collab
Jon Bon Jovi,Kelsea Ballerini,Love Song to the Earth,collab
Jon Bon Jovi,Nicole Scherzinger,Love Song to the Earth,collab
Jon Bon Jovi,Christina Grimmie,Love Song to the Earth,collab
Jon Bon Jovi,Victoria Justice,Love Song to the Earth,collab
Jon Bon Jovi,Q'orianka Kilcher,Love Song to the Earth,collab
Sheryl Crow,Fergie,Love Song to the Earth,collab
Sheryl Crow,Colbie Caillat,Love Song to the Earth,collab
Sheryl Crow,Natasha Bedingfield,Love Song to the Earth,collab
Sheryl Crow,Leona Lewis,Love Song to the Earth,collab
Sheryl Crow,Johnny Rzeznik,Love Song to the Earth,collab
Sheryl Crow,Krewella,Love Song to the Earth,collab
Sheryl Crow,Angelique Kidjo,Love Song to the Earth,collab
Sheryl Crow,Kelsea Ballerini,Love Song to the Earth,collab
Sheryl Crow,Nicole Scherzinger,Love Song to the Earth,collab
Sheryl Crow,Christina Grimmie,Love Song to the Earth,collab
Sheryl Crow,Victoria Justice,Love Song to the Earth,collab
Sheryl Crow,Q'orianka Kilcher,Love Song to the Earth,collab
Fergie,Colbie Caillat,Love Song to the Earth,collab
Fergie,Natasha Bedingfield,Love Song to the Earth,collab
Fergie,Leona Lewis,Love Song to the Earth,collab
Fergie,Johnny Rzeznik,Love Song to the Earth,collab
Fergie,Krewella,Love Song to the Earth,collab
Fergie,Angelique Kidjo,Love Song to the Earth,collab
Fergie,Kelsea Ballerini,Love Song to the Earth,collab
Fergie,Nicole Scherzinger,Love Song to the Earth,collab
Fergie,Christina Grimmie,Love Song to the Earth,collab
Fergie,Victoria Justice,Love Song to the Earth,collab
Fergie,Q'orianka Kilcher,Love Song to the Earth,collab
Colbie Caillat,Natasha Bedingfield,Love Song to the Earth,collab
Colbie Caillat,Leona Lewis,Love Song to the Earth,collab
Colbie Caillat,Johnny Rzeznik,Love Song to the Earth,collab
Colbie Caillat,Krewella,Love Song to the Earth,collab
Colbie Caillat,Angelique Kidjo,Love Song to the Earth,collab
Colbie Caillat,Kelsea Ballerini,Love Song to the Earth,collab
Colbie Caillat,Nicole Scherzinger,Love Song to the Earth,collab
Colbie Caillat,Christina Grimmie,Love Song to the Earth,collab
Colbie Caillat,Victoria Justice,Love Song to the Earth,collab
Colbie Caillat,Q'orianka Kilcher,Love Song to the Earth,collab
Natasha Bedingfield,Leona Lewis,Love Song to the Earth,collab
Natasha Bedingfield,Johnny Rzeznik,Love Song to the Earth,collab
Natasha Bedingfield,Krewella,Love Song to the Earth,collab
Natasha Bedingfield,Angelique Kidjo,Love Song to the Earth,collab
Natasha Bedingfield,Kelsea Ballerini,Love Song to the Earth,collab
Natasha Bedingfield,Nicole Scherzinger,Love Song to the Earth,collab
Natasha Bedingfield,Christina Grimmie,Love Song to the Earth,collab
Natasha Bedingfield,Victoria Justice,Love Song to the Earth,collab
Natasha Bedingfield,Q'orianka Kilcher,Love Song to the Earth,collab
Leona Lewis,Johnny Rzeznik,Love Song to the Earth,collab
Leona Lewis,Krewella,Love Song to the Earth,collab
Leona Lewis,Angelique Kidjo,Love Song to the Earth,collab
Leona Lewis,Kelsea Ballerini,Love Song to the Earth,collab
Leona Lewis,Nicole Scherzinger,Love Song to the Earth,collab
Leona Lewis,Christina Grimmie,Love Song to the Earth,collab
Leona Lewis,Victoria Justice,Love Song to the Earth,collab
Leona Lewis,Q'orianka Kilcher,Love Song to the Earth,collab
Johnny Rzeznik,Krewella,Love Song to the Earth,collab
Johnny Rzeznik,Angelique Kidjo,Love Song to the Earth,collab
Johnny Rzeznik,Kelsea Ballerini,Love Song to the Earth,collab
Johnny Rzeznik,Nicole Scherzinger,Love Song to the Earth,collab
Johnny Rzeznik,Christina Grimmie,Love Song to the Earth,collab
Johnny Rzeznik,Victoria Justice,Love Song to the Earth,collab
Johnny Rzeznik,Q'orianka Kilcher,Love Song to the Earth,collab
Krewella,Jahan Yousaf,,band_member
Krewella,Yasmine Yousaf,,band_member
Krewella,Kris Trindl,,band_member
Krewella,Angelique Kidjo,Love Song to the Earth,collab
Krewella,Kelsea Ballerini,Love Song to the Earth,collab
Krewella,Nicole Scherzinger,Love Song to the Earth,collab
Krewella,Christina Grimmie,Love Song to the Earth,collab
Krewella,Victoria Justice,Love Song to the Earth,collab
Krewella,Q'orianka Kilcher,Love Song to the Earth,collab
Angelique Kidjo,Kelsea Ballerini,Love Song to the Earth,collab
Angelique Kidjo,Nicole Scherzinger,Love Song to the Earth,collab
Angelique Kidjo,Christina Grimmie,Love Song to the Earth,collab
Angelique Kidjo,Victoria Justice,Love Song to the Earth,collab
Angelique Kidjo,Q'orianka Kilcher,Love Song to the Earth,collab
Angelique Kidjo,Levon Helm,Toast to Freedom - Long Version,collab
Angelique Kidjo,Kris Kristofferson,Toast to Freedom - Long Version,collab
Angelique Kidjo,Donald Fagen,Toast to Freedom - Long Version,collab
Angelique Kidjo,Rosanne Cash,Toast to Freedom - Long Version,collab
Angelique Kidjo,Marianne Faithfull,Toast to Freedom - Long Version,collab
Angelique Kidjo,Eric Burdon,Toast to Freedom - Long Version,collab
Angelique Kidjo,Ewan McGregor,Toast to Freedom - Long Version,collab
Angelique Kidjo,Carly Simon,Toast to Freedom - Long Version,collab
Angelique Kidjo,Shawn Mullins,Toast to Freedom - Long Version,collab
Angelique Kidjo,Taj Mahal,Toast to Freedom - Long Version,collab
Angelique Kidjo,Carl Carlton,Toast to Freedom - Long Version,collab
Angelique Kidjo,Larry Campbell,Toast to Freedom - Long Version,collab
Angelique Kidjo,Jane Birkin,Toast to Freedom - Long Version,collab
Angelique Kidjo,Emmanuel Jal,Toast to Freedom - Long Version,collab
Angelique Kidjo,The Blind Boys Of Alabama,Toast to Freedom - Long Version,collab
Angelique Kidjo,Amy Helm,Toast to Freedom - Long Version,collab
Angelique Kidjo,Arno,Toast to Freedom - Long Version,collab
Angelique Kidjo,Axelle Red,Toast to Freedom - Long Version,collab
Angelique Kidjo,Christine and the Queens,Toast to Freedom - Long Version,collab
Kelsea Ballerini,Nicole Scherzinger,Love Song to the Earth,collab
Kelsea Ballerini,Christina Grimmie,Love Song to the Earth,collab
Kelsea Ballerini,Victoria Justice,Love Song to the Earth,collab
Kelsea Ballerini,Q'orianka Kilcher,Love Song to the Earth,collab
Nicole Scherzinger,Christina Grimmie,Love Song to the Earth,collab
Nicole Scherzinger,Victoria Justice,Love Song to the Earth,collab
Nicole Scherzinger,Q'orianka Kilcher,Love Song to the Earth,collab
Christina Grimmie,Victoria Justice,Love Song to the Earth,collab
Christina Grimmie,Q'orianka Kilcher,Love Song to the Earth,collab
Victoria Justice,Q'orianka Kilcher,Love Song to the Earth,collab
Derek & The Dominos,Jim Gordon,,band_member
Derek & The Dominos,Bobby Whitlock,,band_member
Derek & The Dominos,Carl Radle,,band_member
The Beatles,John Lennon,,band_member
The Beatles,George Harrison,,band_member
The Beatles,Richard Starkey,,band_member
The Beatles,Pete Best,,band_member
The Beatles,Stuart Sutcliffe,,band_member
John Lennon,Elton John,"I Saw Her Standing There - Live From Madison Square Garden, USA/1974",collab
John Lennon,Yoko Ono,Give Peace A Chance - Remastered 2010,collab
George Harrison,Traveling Wilburys,,band_member
George Harrison,Bob Dylan,"My Back Pages - Live at Madison Square Garden, New York, NY - October 1992",collab
George Harrison,Roger McGuinn,"My Back Pages - Live at Madison Square Garden, New York, NY - October 1992",collab
George Harrison,Tom Petty,"My Back Pages - Live at Madison Square Garden, New York, NY - October 1992",collab
George Harrison,Neil Young,"My Back Pages - Live at Madison Square Garden, New York, NY - October 1992",collab
George Harrison,Jools Holland,Horse To The Water,collab
Wings,Henry McCullough,,band_member
Wings,Jimmy McCulloch,,band_member
Wings,Joe English,,band_member
Wings,Geoff Britton,,band_member
Wings,Denny Seiwell,,band_member
Wings,Steve Holley (2),,band_member
Wings,Laurence Juber,,band_member
Wings,Brian Frederick Hines,,band_member
Bon Jovi,David Bryan,,band_member
Bon Jovi,Phil X,,band_member
Bon Jovi,Richie Sambora,,band_member
Bon Jovi,Hugh McDonald,,band_member
Bon Jovi,Tico Torres,,band_member
Bon Jovi,Alec John Such,,band_member
Elton John,WATT,Nothing Else Matters,collab
Elton John,Yo-Yo Ma,Nothing Else Matters,collab
Elton John,Chad Smith,Nothing Else Matters,collab
Bob Dylan,Traveling Wilburys,,band_member
Bob Dylan,Roger McGuinn,"My Back Pages - Live at Madison Square Garden, New York, NY - October 1992",collab
Bob Dylan,Tom Petty,"My Back Pages - Live at Madison Square Garden, New York, NY - October 1992",collab
Bob Dylan,Neil Young,"My Back Pages - Live at Madison Square Garden, New York, NY - October 1992",collab
Bob Dylan,Johnny Cash,Girl from the North Country,collab
Roger McGuinn,Tom Petty,"My Back Pages - Live at Madison Square Garden, New York, NY - October 1992",collab
Roger McGuinn,Neil Young,"My Back Pages - Live at Madison Square Garden, New York, NY - October 1992",collab
Tom Petty,Tom Petty and the Heartbreakers,,band_member
Tom Petty,Traveling Wilburys,,band_member
Tom Petty,Neil Young,"My Back Pages - Live at Madison Square Garden, New York, NY - October 1992",collab
Tom Petty,Stevie Nicks,I Will Run to You - 2016 Remaster,collab
Tom Petty,Snoop Dogg,Last Dance With Mary Jane (feat. Tom Petty & Jelly Roll),collab
Tom Petty,Dr. Dre,Last Dance With Mary Jane (feat. Tom Petty & Jelly Roll),collab
Tom Petty,Jelly Roll,Last Dance With Mary Jane (feat. Tom Petty & Jelly Roll),collab
Tom Petty and the Heartbreakers,Mike Campbell,,band_member
Tom Petty and the Heartbreakers,Steve Ferrone,,band_member
Tom Petty and the Heartbreakers,Benmont Tench,,band_member
Tom Petty and the Heartbreakers,Howie Epstein,,band_member
Tom Petty and the Heartbreakers,Scott Thurston,,band_member
Tom Petty and the Heartbreakers,Phil Jones (3),,band_member
Tom Petty and the Heartbreakers,Stan Lynch,,band_member
Tom Petty and the Heartbreakers,Ron Blair,,band_member
Tom Petty and the Heartbreakers,Stevie Nicks,Stop Draggin' My Heart Around (with Tom Petty and The Heartbreakers) - 2016 Remaster,collab
Mike Campbell,Fleetwood Mac,,band_member
Stevie Nicks,Fleetwood Mac,,band_member
Fleetwood Mac,Neil Finn,,band_member
Fleetwood Mac,Christine McVie,,band_member
Fleetwood Mac,Bob Weston,,band_member
Fleetwood Mac,Bob Welch,,band_member
Fleetwood Mac,Lindsey Buckingham,,band_member
Fleetwood Mac,Dave Mason,,band_member
Fleetwood Mac,John McVie,,band_member
Fleetwood Mac,Mick Fleetwood,,band_member
Fleetwood Mac,Bekka Bramlett,,band_member
Fleetwood Mac,Billy Burnette,,band_member
Fleetwood Mac,Rick Vito,,band_member
Fleetwood Mac,Jeremy Spencer,,band_member
Fleetwood Mac,Danny Kirwan,,band_member
Fleetwood Mac,Bob Brunning,,band_member
Fleetwood Mac,Douglas Graves,,band_member
Fleetwood Mac,Peter Greenbaum,,band_member
Snoop Dogg,Dr. Dre,Another Part Of Me (feat. Sting),collab
Snoop Dogg,Jelly Roll,Last Dance With Mary Jane (feat. Tom Petty & Jelly Roll),collab
Snoop Dogg,Big Time Rush,Boyfriend (feat. Snoop Dogg),collab
Snoop Dogg,Wiz Khalifa,"Young, Wild & Free (feat. Bruno Mars)",collab
Snoop Dogg,Bruno Mars,"Young, Wild & Free (feat. Bruno Mars)",collab
Snoop Dogg,The Dualists,She's Miss Cali,collab
Snoop Dogg,Idris Elba,She's Miss Cali,collab
Snoop Dogg,benny blanco,Bad Decisions (with BTS & Snoop Dogg),collab
Snoop Dogg,BTS,Bad Decisions (with BTS & Snoop Dogg),collab
Snoop Dogg,Pharrell Williams,Beautiful,collab
Snoop Dogg,Charlie Wilson,Beautiful,collab
Dr. Dre,Jelly Roll,Last Dance With Mary Jane (feat. Tom Petty & Jelly Roll),collab
Traveling Wilburys,Roy Orbison,,band_member
Big Time Rush,Carlos Pena,,band_member
Big Time Rush,James Maslow,,band_member
Big Time Rush,Logan Henderson,,band_member
Big Time Rush,Kendall Schmidt,,band_member
Wiz Khalifa,Bruno Mars,"Young, Wild & Free (feat. Bruno Mars)",collab
The Dualists,Manon Dave,,band_member
The Dualists,Tushar Apte,,band_member
The Dualists,Idris Elba,She's Miss Cali,collab
benny blanco,BTS,Bad Decisions (with BTS & Snoop Dogg),collab
BTS,V (37),,band_member
BTS,Jimin (2),,band_member
BTS,J-Hope,,band_member
BTS,Jin (30),,band_member
BTS,Jungkook,,band_member
BTS,Suga (14),,band_member
BTS,Kim Nam-joon,,band_member
BTS,Coldplay,My Universe,collab
Coldplay,Chris Martin,,band_member
Coldplay,Guy Berryman,,band_member
Coldplay,Will Champion,,band_member
Coldplay,Jon Buckland,,band_member
Coldplay,Phil Harvey,,band_member
Pharrell Williams,Charlie Wilson,Beautiful,collab
Pharrell Williams,Daft Punk,Get Lucky (Radio Edit) [feat. Pharrell Williams and Nile Rodgers],collab
Pharrell Williams,Nile Rodgers,Get Lucky (Radio Edit) [feat. Pharrell Williams and Nile Rodgers],collab
Pharrell Williams,J Balvin,Safari,collab
Pharrell Williams,BIA,Safari,collab
Pharrell Williams,Sky Rompiendo,Safari,collab
Daft Punk,Thomas Bangalter,,band_member
Daft Punk,Guy-Manuel de Homem-Christo,,band_member
Daft Punk,Nile Rodgers,Get Lucky (Radio Edit) [feat. Pharrell Williams and Nile Rodgers],collab
Daft Punk,Julian Casablancas,Instant Crush (feat. Julian Casablancas),collab
Daft Punk,The Weeknd,Starboy,collab
J Balvin,BIA,Safari,collab
J Balvin,Sky Rompiendo,Safari,collab
J Balvin,HUGEL,I Adore You (with J Balvin & Ellie Goulding),collab
J Balvin,Ellie Goulding,I Adore You (with J Balvin & Ellie Goulding),collab
J Balvin,Topic,I Adore You (with J Balvin & Ellie Goulding),collab
J Balvin,Arash,I Adore You (with J Balvin & Ellie Goulding),collab
J Balvin,Daecolm,I Adore You (with J Balvin & Ellie Goulding),collab
J Balvin,Imagine Dragons,Eyes Closed (feat. J Balvin),collab
J Balvin,Dua Lipa,Un Día (One Day),collab
J Balvin,Bad Bunny,Un Día (One Day),collab
J Balvin,Tainy,Un Día (One Day),collab
BIA,Sky Rompiendo,Safari,collab
HUGEL,Ellie Goulding,I Adore You (with J Balvin & Ellie Goulding),collab
HUGEL,Topic,I Adore You (with J Balvin & Ellie Goulding),collab
HUGEL,Arash,I Adore You (with J Balvin & Ellie Goulding),collab
HUGEL,Daecolm,I Adore You (with J Balvin & Ellie Goulding),collab
Ellie Goulding,Topic,I Adore You (with J Balvin & Ellie Goulding),collab
Ellie Goulding,Arash,I Adore You (with J Balvin & Ellie Goulding),collab
Ellie Goulding,Daecolm,I Adore You (with J Balvin & Ellie Goulding),collab
Topic,Arash,I Adore You (with J Balvin & Ellie Goulding),collab
Topic,Daecolm,I Adore You (with J Balvin & Ellie Goulding),collab
Arash,Daecolm,I Adore You (with J Balvin & Ellie Goulding),collab
Imagine Dragons,Daniel Platzman (2),,band_member
Imagine Dragons,Ben McKee,,band_member
Imagine Dragons,Dan Reynolds (5),,band_member
Imagine Dragons,Wayne Sermon,,band_member
Imagine Dragons,Andrew Tolman,,band_member
Imagine Dragons,Brittany Tolman,,band_member
Imagine Dragons,Theresa Flaminio,,band_member
Imagine Dragons,Dave Lemke,,band_member
Imagine Dragons,Andrew Colin Beck,,band_member
Imagine Dragons,Aurora Florence,,band_member
Dua Lipa,Bad Bunny,Un Día (One Day),collab
Dua Lipa,Tainy,Un Día (One Day),collab
Dua Lipa,Miguel,Lost In Your Light (feat. Miguel),collab
Bad Bunny,Tainy,Un Día (One Day),collab
WATT,Yo-Yo Ma,Nothing Else Matters,collab
WATT,Chad Smith,Nothing Else Matters,collab
Yo-Yo Ma,Chad Smith,Nothing Else Matters,collab
Julian Casablancas,The Strokes,,band_member
Julian Casablancas,Charli xcx,Mean girls featuring julian casablancas,collab
Julian Casablancas,The Lonely Island,Boombox,collab
The Weeknd,Justice,Wake Me Up (feat. Justice),collab
The Weeknd,Swedish House Mafia,Moth To A Flame (with The Weeknd),collab
The Lonely Island,Jorma Taccone,,band_member
The Lonely Island,Akiva Schaffer,,band_member
The Lonely Island,Andy Samberg,,band_member
The Strokes,Albert Hammond Jr.,,band_member
The Strokes,Nikolai Fraiture,,band_member
The Strokes,Nick Valensi,,band_member
The Strokes,Fabrizio Moretti,,band_member
Justice,Xavier de Rosnay,,band_member
Justice,Gaspard Augé,,band_member
Justice,Tame Impala,Neverender,collab
Justice,Miguel,Saturnine,collab
Tame Impala,Julien Barbagallo,,band_member
Tame Impala,Jay Watson,,band_member
Tame Impala,Kevin Parker (2),,band_member
Tame Impala,Dominic Simper,,band_member
Tame Impala,Nick Allbrook,,band_member
Tame Impala,Cameron Avery,,band_member
Lou Reed,Angela Howard,,band_member
Lou Reed,The Velvet Underground,,band_member
Lou Reed,The Killers,Tranquilize,collab
The Killers,Brandon Flowers,,band_member
The Killers,Ronnie Vannucci,,band_member
The Killers,Dave Keuning,,band_member
The Killers,Mark Stoermer,,band_member
The Velvet Underground,Angus MacLise,,band_member
The Velvet Underground,John Cale,,band_member
The Velvet Underground,Henry Flynt,,band_member
The Velvet Underground,Sterling Morrison,,band_member
The Velvet Underground,Moe Tucker,,band_member
The Velvet Underground,Willie Alexander,,band_member
The Velvet Underground,Bill Yule,,band_member
The Velvet Underground,Doug Yule,,band_member
The Velvet Underground,Rob Norris,,band_member
The Velvet Underground,Mark Nauseef,,band_member
The Velvet Underground,Walter Powers,,band_member
The Velvet Underground,Nico,Sunday Morning,collab
John Cale,Jools Holland,I Wanna Be Around,collab
Lamb of God,Mark Morton (2),,band_member
Lamb of God,John Campbell (3),,band_member
Lamb of God,Randy Blythe,,band_member
Lamb of God,Willie Adler,,band_member
Lamb of God,Chris Adler,,band_member
Lamb of God,Art Cruz,,band_member
Lamb of God,Megadeth,Wake up Dead (feat. Dave Mustaine),collab
Lamb of God,Kreator,State Of Unrest,collab
Chris Adler,Megadeth,,band_member
Megadeth,Kerry King,,band_member
Megadeth,Marty Friedman,,band_member
Megadeth,Kiko Loureiro,,band_member
Megadeth,James LoMenzo,,band_member
Megadeth,Glen Drover,,band_member
Megadeth,David Ellefson,,band_member
Megadeth,Jay Reynolds (2),,band_member
Megadeth,Jeff Young (3),,band_member
Megadeth,Gar Samuelson,,band_member
Megadeth,Chris Poland,,band_member
Megadeth,Nick Menza,,band_member
Megadeth,Jimmy DeGrasso,,band_member
Megadeth,Chuck Behler,,band_member
Megadeth,James McDonough,,band_member
Megadeth,Teemu Mäntysaari,,band_member
Megadeth,Dirk Verbeuren,,band_member
Megadeth,Shawn Drover,,band_member
Megadeth,Greg Handevidt,,band_member
Megadeth,Dijon Carruthers,,band_member
Megadeth,Lee Rauch,,band_member
Kreator,Markus Freiwald,,band_member
Kreator,Sami Yli-Sirniö,,band_member
Kreator,Frank Gosdzik,,band_member
Kreator,Jürgen Reil,,band_member
Kreator,Mille Petrozza,,band_member
Kreator,Rob Fioretti,,band_member
Kreator,Christian Giesler,,band_member
Kreator,Jörg Trzebiatowski,,band_member
Kreator,Tommy Vetterli,,band_member
Kreator,Joe Cangelosi,,band_member
Kreator,Frédéric Leclercq,,band_member
Kreator,Michael Wulf,,band_member
Nick Cave & The Bad Seeds,Barry Adamson,,band_member
Nick Cave & The Bad Seeds,Mick Harvey,,band_member
Nick Cave & The Bad Seeds,Nick Cave,,band_member
Nick Cave & The Bad Seeds,Blixa Bargeld,,band_member
Nick Cave & The Bad Seeds,Thomas Wydler,,band_member
Nick Cave & The Bad Seeds,Anita Lane,,band_member
Nick Cave & The Bad Seeds,Warren Ellis,,band_member
Nick Cave & The Bad Seeds,Jim Sclavunos,,band_member
Nick Cave & The Bad Seeds,Conway Savage,,band_member
Nick Cave & The Bad Seeds,Martyn P. Casey,,band_member
Nick Cave & The Bad Seeds,James Johnston,,band_member
Nick Cave & The Bad Seeds,Roland Wolf,,band_member
Nick Cave & The Bad Seeds,Hugo Race,,band_member
Nick Cave & The Bad Seeds,Ed Kuepper,,band_member
Nick Cave & The Bad Seeds,George Vjestica,,band_member
Nick Cave & The Bad Seeds,Brian Tristan,,band_member
Nick Cave & The Bad Seeds,Kylie Minogue,Where the Wild Roses Grow,collab
Nick Cave & The Bad Seeds,PJ Harvey,Henry Lee (feat. PJ Harvey),collab
Nick Cave,Jools Holland,Kiss of Love (feat. Nick Cave),collab
Nick Cave,Marianne Faithfull,Crazy Love,collab
Kylie Minogue,Olly Alexander (Years & Years),A Second to Midnight,collab
Kylie Minogue,Sia,Dance Alone,collab
Kylie Minogue,Bebe Rexha,My Oh My (with Bebe Rexha & Tove Lo),collab
Kylie Minogue,Tove Lo,My Oh My (with Bebe Rexha & Tove Lo),collab
A$AP Rocky,Imogen Heap,I Smoked Away My Brain (I'm God x Demons Mashup) (feat. Imogen Heap & Clams Casino),collab
A$AP Rocky,Clams Casino,I Smoked Away My Brain (I'm God x Demons Mashup) (feat. Imogen Heap & Clams Casino),collab
A$AP Rocky,Miguel,"Everyday (feat. Rod Stewart, Miguel & Mark Ronson)",collab
A$AP Rocky,Mark Ronson,"Everyday (feat. Rod Stewart, Miguel & Mark Ronson)",collab
Imogen Heap,Clams Casino,I Smoked Away My Brain (I'm God x Demons Mashup) (feat. Imogen Heap & Clams Casino),collab
Olly Alexander (Years & Years),Emre Turkmen,,band_member
Olly Alexander (Years & Years),Michael Goldsworthy,,band_member
Olly Alexander (Years & Years),Dylan Bell (2),,band_member
Olly Alexander (Years & Years),Olivier Subria,,band_member
Olly Alexander (Years & Years),Oliver Alexander Thornton,,band_member
Olly Alexander (Years & Years),Noel Leeman,,band_member
Olly Alexander (Years & Years),Benjamin Ingrosso,Kite (with Olly Alexander),collab
Olly Alexander (Years & Years),Tove Lo,Desire,collab
Axwell /\ Ingrosso,Sebastian Ingrosso,,band_member
Axwell /\ Ingrosso,Axel Hedfors,,band_member
Axwell /\ Ingrosso,Axwell,More Than You Know,collab
Sebastian Ingrosso,Swedish House Mafia,,band_member
Sebastian Ingrosso,Axwell,More Than You Know,collab
Axel Hedfors,Swedish House Mafia,,band_member
Swedish House Mafia,Steve Josefsson Fragogiannis,,band_member
Bebe Rexha,Tove Lo,My Oh My (with Bebe Rexha & Tove Lo),collab
Bebe Rexha,X Ambassadors,"Home (with Machine Gun Kelly, X Ambassadors & Bebe Rexha)",collab
Tove Lo,Duran Duran,GIVE IT ALL UP (feat. Tove Lo),collab
X Ambassadors,Casey Harris,,band_member
X Ambassadors,Sam Nelson Harris,,band_member
X Ambassadors,Noah Feldshuh,,band_member
X Ambassadors,Adam Levin (3),,band_member
Duran Duran,John Taylor,,band_member
Duran Duran,Simon Le Bon,,band_member
Duran Duran,Andy Taylor,,band_member
Duran Duran,Stephen Duffy,,band_member
Duran Duran,Alan Curtis,,band_member
Duran Duran,Warren Cuccurullo,,band_member
Duran Duran,Sterling Campbell,,band_member
Duran Duran,Roger Taylor (2),,band_member
Duran Duran,Nicholas James Bates,,band_member
Duran Duran,Simon Colley,,band_member
Duran Duran,Andy Wickett,,band_member
blink-182,Mark Hoppus,,band_member
blink-182,Matt Skiba,,band_member
blink-182,Tom DeLonge,,band_member
blink-182,Scott Raynor,,band_member
Mark Hoppus,+44,,band_member
Matt Skiba,Alkaline Trio,,band_member
+44,Craig Fairbaugh,,band_member
+44,Carol Heller,,band_member
+44,Shane Gallagher,,band_member
Craig Fairbaugh,Transplants,,band_member
Billy Idol,Alison Mosshart,John Wayne - feat. Alison Mosshart,collab
Alkaline Trio,Derek Grant,,band_member
Alkaline Trio,Atom Willard,,band_member
Alkaline Trio,Dan Andriano,,band_member
Alkaline Trio,Mike Felumlee,,band_member
Alkaline Trio,Glenn Porter,,band_member
Alkaline Trio,Rob Doran (2),,band_member
Simple Plan,Jeff Stinco,,band_member
Simple Plan,Chuck Comeau,,band_member
Simple Plan,David Desrosiers,,band_member
Simple Plan,Pierre Bouvier,,band_member
Simple Plan,Sebastien Lefebvre,,band_member
Simple Plan,Deryck Whibley,Ruin My Life (feat. Deryck Whibley),collab
Simple Plan,Jax,Iconic (feat. Jax),collab
Simple Plan,Rivers Cuomo,Can't Keep My Hands off You (feat. Rivers Cuomo),collab
Simple Plan,State Champs,Where I Belong (feat. We The Kings),collab
Simple Plan,We The Kings,Where I Belong (feat. We The Kings),collab
Deryck Whibley,Sum 41,,band_member
Rivers Cuomo,Weezer,,band_member
Rivers Cuomo,Billy Talent,End of Me (feat. Rivers Cuomo),collab
State Champs,Derek DiScanio,,band_member
State Champs,Evan Ambrosio,,band_member
State Champs,Tyler Szalkowski,,band_member
State Champs,Ryan Scott Graham,,band_member
State Champs,Tony Diaz (5),,band_member
State Champs,William Goodermote,,band_member
State Champs,Matthew Croteau,,band_member
State Champs,David Fogarty (2),,band_member
State Champs,We The Kings,Where I Belong (feat. We The Kings),collab
We The Kings,Coley O'Toole,,band_member
We The Kings,Drew Thomsen,,band_member
We The Kings,Hunter Thomsen,,band_member
We The Kings,Travis Clark (2),,band_member
We The Kings,Danny Duncan (2),,band_member
Iggy Pop,Sum 41,Little Know It All,collab
Iggy Pop,Slash,Awful Dream feat. Iggy Pop,collab
Sum 41,Mark Spicoluk,,band_member
Sum 41,Dave Baksh,,band_member
Sum 41,Steve Jocz,,band_member
Sum 41,Marc Costanzo,,band_member
Sum 41,Tom Thacker (2),,band_member
Sum 41,Frank Zummo,,band_member
Sum 41,Richard Roy (2),,band_member
Sum 41,Jason McCaslin,,band_member
Sum 41,SK8,Shooting Star (feat. Sum 41),collab
Anti-Flag,Pat Thetic,,band_member
Anti-Flag,Chris Head,,band_member
Anti-Flag,Andy Wright (3),,band_member
Anti-Flag,Ricky Wright,,band_member
Anti-Flag,Jamie Towns,,band_member
Anti-Flag,Chris Barker (2),,band_member
Anti-Flag,Justin Geever,,band_member
Anti-Flag,Patrick C. Bollinger,,band_member
Anti-Flag,Tim McIlrath,THE FIGHT OF OUR LIVES (feat. Tim McIlrath of Rise Against & Brian Baker of Bad Religion),collab
Anti-Flag,Brian Baker,THE FIGHT OF OUR LIVES (feat. Tim McIlrath of Rise Against & Brian Baker of Bad Religion),collab
Tim McIlrath,Rise Against,,band_member
Tim McIlrath,Brian Baker,THE FIGHT OF OUR LIVES (feat. Tim McIlrath of Rise Against & Brian Baker of Bad Religion),collab
Rise Against,Joe Principe,,band_member
Rise Against,Chris Chasse,,band_member
Rise Against,Brandon Barnes (2),,band_member
Rise Against,Kevin White (4),,band_member
Rise Against,Dan Wleklinski,,band_member
Rise Against,Zach Blair,,band_member
Rise Against,Tony Tintari,,band_member
Rise Against,Todd Mohney,,band_member
Weezer,Matt Sharp,,band_member
Weezer,Jason Cropper,,band_member
Weezer,Pat Wilson,,band_member
Weezer,Brian Bell,,band_member
Weezer,Mikey Welsh,,band_member
Weezer,Scott Shriner,,band_member
Billy Talent,Loel Campbell,,band_member
Billy Talent,Jon Gallant,,band_member
Billy Talent,Ben Kowalewicz,,band_member
Billy Talent,Aaron Solowoniuk,,band_member
Billy Talent,Ian D'Sa,,band_member
Billy Talent,Jordan Hastings,,band_member
Placebo,Brian Molko,,band_member
Placebo,Steve Hewitt,,band_member
Placebo,Stefan Olsdal,,band_member
Placebo,Robert Schultzberg,,band_member
Placebo,Steve Forrest (2),,band_member
Placebo,Alison Mosshart,Meds,collab
Placebo,David Bowie,Without You I'm Nothing,collab
Alison Mosshart,The Dead Weather,,band_member
Alison Mosshart,The Kills,,band_member
Alison Mosshart,Cage The Elephant,It's Just Forever (feat. Alison Mosshart),collab
David Bowie,Queen,Under Pressure - Remastered 2011,collab
Cage The Elephant,Jared Champion,,band_member
Cage The Elephant,Matt Shultz (2),,band_member
Cage The Elephant,Lincoln Parish,,band_member
Cage The Elephant,Daniel Tichenor,,band_member
Cage The Elephant,Brad Shultz,,band_member
Cage The Elephant,Nick Bockrath,,band_member
Cage The Elephant,Matthan Minster,,band_member
Cage The Elephant,Beck,Night Running,collab
The White Stripes,Jack White (2),,band_member
The White Stripes,Meg White,,band_member
Jack White (2),The Dead Weather,,band_member
Jack White (2),The Raconteurs,,band_member
The Dead Weather,Jack Lawrence,,band_member
Jack Lawrence,The Raconteurs,,band_member
The Raconteurs,Brendan Benson,,band_member
The Raconteurs,Patrick Keeler,,band_member
The Kills,Jamie Hince,,band_member
Queen,Freddie Mercury,,band_member
Queen,Roger Taylor,,band_member
Queen,Brian May,,band_member
Queen,John Deacon,,band_member
Queen,Barry Mitchell,,band_member
Queen,Paul Rodgers,'39 - Live,collab
Queen,Frank Musker,Too Much Love Will Kill You - Live,collab
Queen,Elizabeth Lamers,Too Much Love Will Kill You - Live,collab
Queen,Luciano Pavarotti,Too Much Love Will Kill You - Live,collab
Freddie Mercury,Montserrat Caballé,Guide Me Home - New Orchestrated Version,collab
Roger Taylor,YOSHIKI,Foreign Sand,collab
Roger Taylor,Dennis Wilson,Holy Man (Hawkins - May - Taylor - Wilson Version),collab
Roger Taylor,Brian May,Holy Man (Hawkins - May - Taylor - Wilson Version),collab
Brian May,Slash,"Tie Your Mother Down - Live on the Tonight Show with Jay Leno, 5/4/1993",collab
Brian May,Soundgarden,New Damage,collab
Brian May,Frank Musker,Too Much Love Will Kill You - Live,collab
Brian May,Elizabeth Lamers,Too Much Love Will Kill You - Live,collab
Brian May,Luciano Pavarotti,Too Much Love Will Kill You - Live,collab
Brian May,Dennis Wilson,Holy Man (Hawkins - May - Taylor - Wilson Version),collab
Brian May,Adam Lambert,Lucy (feat. Brian May),collab
Miguel,Mark Ronson,"Everyday (feat. Rod Stewart, Miguel & Mark Ronson)",collab
PJ Harvey,Thom Yorke,This Mess We're In,collab
PJ Harvey,Marianne Faithfull,The Mistery of Love,collab
Moby,Kris Kristofferson,The Lonely Night - Reprise Version,collab
Kris Kristofferson,Levon Helm,Toast to Freedom - Long Version,collab
Kris Kristofferson,Donald Fagen,Toast to Freedom - Long Version,collab
Kris Kristofferson,Rosanne Cash,Toast to Freedom - Long Version,collab
Kris Kristofferson,Marianne Faithfull,Toast to Freedom - Long Version,collab
Kris Kristofferson,Eric Burdon,Toast to Freedom - Long Version,collab
Kris Kristofferson,Ewan McGregor,Toast to Freedom - Long Version,collab
Kris Kristofferson,Carly Simon,Toast to Freedom - Long Version,collab
Kris Kristofferson,Shawn Mullins,Toast to Freedom - Long Version,collab
Kris Kristofferson,Taj Mahal,Toast to Freedom - Long Version,collab
Kris Kristofferson,Carl Carlton,Toast to Freedom - Long Version,collab
Kris Kristofferson,Larry Campbell,Toast to Freedom - Long Version,collab
Kris Kristofferson,Jane Birkin,Toast to Freedom - Long Version,collab
Kris Kristofferson,Emmanuel Jal,Toast to Freedom - Long Version,collab
Kris Kristofferson,The Blind Boys Of Alabama,Toast to Freedom - Long Version,collab
Kris Kristofferson,Amy Helm,Toast to Freedom - Long Version,collab
Kris Kristofferson,Arno,Toast to Freedom - Long Version,collab
Kris Kristofferson,Axelle Red,Toast to Freedom - Long Version,collab
Kris Kristofferson,Christine and the Queens,Toast to Freedom - Long Version,collab
Screaming Trees,Gary Lee Conner,,band_member
Screaming Trees,Barrett Martin,,band_member
Screaming Trees,Donna Dresch,,band_member
Screaming Trees,Mark Pickerel,,band_member
Screaming Trees,Sean Hollister,,band_member
Slash,Paul Rodgers,Born Under A Bad Sign feat. Paul Rodgers,collab
Slash,Chris Robinson,The Pusher feat. Chris Robinson,collab
Slash,Gary Clark Jr.,Crossroads feat. Gary Clark Jr.,collab
Slash,Billy F Gibbons,Hoochie Coochie Man feat. Billy F Gibbons,collab
Slash,Chris Stapleton,Oh Well feat. Chris Stapleton,collab
Slash,Dorothy,Key To The Highway feat. Dorothy,collab
Slash,Demi Lovato,Papa Was A Rolling Stone feat. Demi Lovato,collab
Slash,Brian Johnson,Killing Floor feat. Brian Johnson,collab
Slash,Tash Neal,Living For The City feat. Tash Neal,collab
Slash,Beth Hart,Stormy Monday feat. Beth Hart,collab
Slash,Myles Kennedy,Anastasia,collab
Slash,The Conspirators,Anastasia,collab
Slash,Brian Tyler,Mustang Nismo,collab
Slash,Phineas,Kick It Up A Notch,collab
Slash,Ferb,Kick It Up A Notch,collab
Slash,The Cast of Phineas and Ferb,Kick It Up A Notch,collab
Slash,Transplants,Saturday Night,collab
Paul Rodgers,Free,,band_member
Paul Rodgers,Bad Company,,band_member
Paul Rodgers,Joe Bonamassa,Walk in My Shadows,collab
Paul Rodgers,Buddy Guy,Some Kind Of Wonderful (feat. Paul Rodgers),collab
Paul Rodgers,Jools Holland,I Told the Truth,collab
Free,Paul Kossoff,,band_member
Free,Andy Fraser,,band_member
Free,Simon Kirke,,band_member
Free,"John ""Rabbit"" Bundrick",,band_member
Simon Kirke,Bad Company,,band_member
Buddy Guy,Jools Holland,She Suits Me to a Tee,collab
Bad Company,Geoff Whitehorn,,band_member
Bad Company,Rick Wills,,band_member
Bad Company,Robert Hart,,band_member
Bad Company,Mick Ralphs,,band_member
Bad Company,Howard Leese,,band_member
Bad Company,Brian Howe,,band_member
Bad Company,Jaz Lochrie,,band_member
Bad Company,Dave Colwell,,band_member
Bad Company,Steve Price (7),,band_member
Bad Company,Lynn Sorensen,,band_member
Bad Company,Gregg Dechert,,band_member
Bad Company,Todd Ronning,,band_member
Jools Holland,Squeeze,,band_member
Jools Holland,Jools Holland & his Rhythm & Blues Orchestra,,band_member
Jools Holland,Terri Walker,Misfit,collab
Jools Holland,Smokey Robinson,You Really Got a Hold on Me,collab
Jools Holland,David Gray,I Think It's Going to Rain Today,collab
Jools Holland,Solomon Burke,Message to My Son,collab
Jools Holland,Shane MacGowan,Just to Be Home with You,collab
Jools Holland,Steve Earle,Play It Sam,collab
Jools Holland,Sugababes,Please Can I Talk,collab
Jools Holland,Ruby Turner,When I Get Home,collab
Jools Holland,Prince Buster,Enjoy Yourself (It's Later Than You Think),collab
Jools Holland,Eliza Carthy,Sweet If You Like,collab
Jools Holland,Michael McDonald,Cry Myself to Sleep (feat. Candy Dulfer),collab
Jools Holland,Kirsty MacColl,Shutting The Doors,collab
Jools Holland,Peter Gabriel,Washing Of The Water,collab
Jools Holland,Suggs,Jack O the Green,collab
Jools Holland,Ronnie Wood,Ooh La La,collab
Jools Holland,Jimmy Scott,I'll Be Seeing You,collab
Jools Holland,Mark Knopfler,Mademoiselle Will Decide,collab
Jools Holland,José Feliciano,Let's Find Each Other Tonight,collab
Jools Holland,Jamiroquai,I'm In The Mood For Love,collab
Jools Holland,Sam Moore,Together We Are Strong,collab
Jools Holland,Sam Brown,Together We Are Strong,collab
Jools Holland,Norah Jones,In the Dark,collab
Jools Holland,Edwin Starr,Snowflake Boogie,collab
Jools Holland,Bryan Ferry,The Only Face,collab
Jools Holland,Dionne Warwick,What Goes Around,collab
Jools Holland,Chrissie Hynde,Out of This World,collab
Jools Holland,The Blind Boys Of Alabama,Rock Me,collab
Jools Holland,Huey,Fly Me to the Moon,collab
Jools Holland,Badly Drawn Boy,The Can Is Open,collab
Jools Holland,Ray Davies,"Yours Truly, Confused N10",collab
Jools Holland,Marianne Faithfull,You Got to Serve Somebody (feat. Marianne Faithfull),collab
Jools Holland,Chris Barber,Anglegrinder Blues,collab
Jools Holland,Guy Barker,Anglegrinder Blues,collab
Jools Holland,Beverley Knight,Change Is Gonna Come,collab
Jools Holland,George Benson,Teardrops from My Eyes,collab
Jools Holland,Jimmy Cliff,Dreams,collab
Jools Holland,Bono,If You Wear That Velvet Dress (feat. Bono),collab
Jools Holland,Paul Weller,Will It Go Round in Circles,collab
Jools Holland,Joe Strummer,The Return of the Blues Cowboy,collab
Jools Holland,Dr. John,The Hand That Changed Its' Mind,collab
Jools Holland,Mica Paris,I Put a Spell on You,collab
Jools Holland,David Gilmour,I Put a Spell on You,collab
Jools Holland,Laurie Latham,I Put a Spell on You,collab
Jools Holland,Eric Bibb,All That You Are,collab
Jools Holland,Van Morrison,Back O' Town Blues,collab
Jools Holland,Chris Difford,Town and Country Rhythm and Blues,collab
Jools Holland,Marc Almond,"Say Hello, Wave Goodbye",collab
Jools Holland,Mick Hucknall,T-Bone Shuffle,collab
Jools Holland,Paul Carrack,It's so Blue,collab
Jools Holland,Taj Mahal,Outskirts of Town,collab
Sugababes,Siobhan Donaghy,,band_member
Sugababes,Heidi Range,,band_member
Sugababes,Keisha Buchanan,,band_member
Sugababes,Mutya Buena,,band_member
Sugababes,Amelle Berrabah,,band_member
Sugababes,Jade Ewen,,band_member
Ruby Turner,Jools Holland & his Rhythm & Blues Orchestra,,band_member
Myles Kennedy,The Conspirators,Anastasia,collab
The Conspirators,Todd Kerns,,band_member
The Conspirators,Brent Fitz,,band_member
The Conspirators,Frank Sidoris,,band_member
Marianne Faithfull,Levon Helm,Toast to Freedom - Long Version,collab
Marianne Faithfull,Donald Fagen,Toast to Freedom - Long Version,collab
Marianne Faithfull,Rosanne Cash,Toast to Freedom - Long Version,collab
Marianne Faithfull,Eric Burdon,Toast to Freedom - Long Version,collab
Marianne Faithfull,Ewan McGregor,Toast to Freedom - Long Version,collab
Marianne Faithfull,Carly Simon,Toast to Freedom - Long Version,collab
Marianne Faithfull,Shawn Mullins,Toast to Freedom - Long Version,collab
Marianne Faithfull,Taj Mahal,Toast to Freedom - Long Version,collab
Marianne Faithfull,Carl Carlton,Toast to Freedom - Long Version,collab
Marianne Faithfull,Larry Campbell,Toast to Freedom - Long Version,collab
Marianne Faithfull,Jane Birkin,Toast to Freedom - Long Version,collab
Marianne Faithfull,Emmanuel Jal,Toast to Freedom - Long Version,collab
Marianne Faithfull,The Blind Boys Of Alabama,Toast to Freedom - Long Version,collab
Marianne Faithfull,Amy Helm,Toast to Freedom - Long Version,collab
Marianne Faithfull,Arno,Toast to Freedom - Long Version,collab
Marianne Faithfull,Axelle Red,Toast to Freedom - Long Version,collab
Marianne Faithfull,Christine and the Queens,Toast to Freedom - Long Version,collab
Levon Helm,Donald Fagen,Toast to Freedom - Long Version,collab
Levon Helm,Rosanne Cash,Toast to Freedom - Long Version,collab
Levon Helm,Eric Burdon,Toast to Freedom - Long Version,collab
Levon Helm,Ewan McGregor,Toast to Freedom - Long Version,collab
Levon Helm,Carly Simon,Toast to Freedom - Long Version,collab
Levon Helm,Shawn Mullins,Toast to Freedom - Long Version,collab
Levon Helm,Taj Mahal,Toast to Freedom - Long Version,collab
Levon Helm,Carl Carlton,Toast to Freedom - Long Version,collab
Levon Helm,Larry Campbell,Toast to Freedom - Long Version,collab
Levon Helm,Jane Birkin,Toast to Freedom - Long Version,collab
Levon Helm,Emmanuel Jal,Toast to Freedom - Long Version,collab
Levon Helm,The Blind Boys Of Alabama,Toast to Freedom - Long Version,collab
Levon Helm,Amy Helm,Toast to Freedom - Long Version,collab
Levon Helm,Arno,Toast to Freedom - Long Version,collab
Levon Helm,Axelle Red,Toast to Freedom - Long Version,collab
Levon Helm,Christine and the Queens,Toast to Freedom - Long Version,collab
Donald Fagen,Rosanne Cash,Toast to Freedom - Long Version,collab
Donald Fagen,Eric Burdon,Toast to Freedom - Long Version,collab
Donald Fagen,Ewan McGregor,Toast to Freedom - Long Version,collab
Donald Fagen,Carly Simon,Toast to Freedom - Long Version,collab
Donald Fagen,Shawn Mullins,Toast to Freedom - Long Version,collab
Donald Fagen,Taj Mahal,Toast to Freedom - Long Version,collab
Donald Fagen,Carl Carlton,Toast to Freedom - Long Version,collab
Donald Fagen,Larry Campbell,Toast to Freedom - Long Version,collab
Donald Fagen,Jane Birkin,Toast to Freedom - Long Version,collab
Donald Fagen,Emmanuel Jal,Toast to Freedom - Long Version,collab
Donald Fagen,The Blind Boys Of Alabama,Toast to Freedom - Long Version,collab
Donald Fagen,Amy Helm,Toast to Freedom - Long Version,collab
Donald Fagen,Arno,Toast to Freedom - Long Version,collab
Donald Fagen,Axelle Red,Toast to Freedom - Long Version,collab
Donald Fagen,Christine and the Queens,Toast to Freedom - Long Version,collab
Rosanne Cash,Eric Burdon,Toast to Freedom - Long Version,collab
Rosanne Cash,Ewan McGregor,Toast to Freedom - Long Version,collab
Rosanne Cash,Carly Simon,Toast to Freedom - Long Version,collab
Rosanne Cash,Shawn Mullins,Toast to Freedom - Long Version,collab
Rosanne Cash,Taj Mahal,Toast to Freedom - Long Version,collab
Rosanne Cash,Carl Carlton,Toast to Freedom - Long Version,collab
Rosanne Cash,Larry Campbell,Toast to Freedom - Long Version,collab
Rosanne Cash,Jane Birkin,Toast to Freedom - Long Version,collab
Rosanne Cash,Emmanuel Jal,Toast to Freedom - Long Version,collab
Rosanne Cash,The Blind Boys Of Alabama,Toast to Freedom - Long Version,collab
Rosanne Cash,Amy Helm,Toast to Freedom - Long Version,collab
Rosanne Cash,Arno,Toast to Freedom - Long Version,collab
Rosanne Cash,Axelle Red,Toast to Freedom - Long Version,collab
Rosanne Cash,Christine and the Queens,Toast to Freedom - Long Version,collab
Eric Burdon,Ewan McGregor,Toast to Freedom - Long Version,collab
Eric Burdon,Carly Simon,Toast to Freedom - Long Version,collab
Eric Burdon,Shawn Mullins,Toast to Freedom - Long Version,collab
Eric Burdon,Taj Mahal,Toast to Freedom - Long Version,collab
Eric Burdon,Carl Carlton,Toast to Freedom - Long Version,collab
Eric Burdon,Larry Campbell,Toast to Freedom - Long Version,collab
Eric Burdon,Jane Birkin,Toast to Freedom - Long Version,collab
Eric Burdon,Emmanuel Jal,Toast to Freedom - Long Version,collab
Eric Burdon,The Blind Boys Of Alabama,Toast to Freedom - Long Version,collab
Eric Burdon,Amy Helm,Toast to Freedom - Long Version,collab
Eric Burdon,Arno,Toast to Freedom - Long Version,collab
Eric Burdon,Axelle Red,Toast to Freedom - Long Version,collab
Eric Burdon,Christine and the Queens,Toast to Freedom - Long Version,collab
Ewan McGregor,Carly Simon,Toast to Freedom - Long Version,collab
Ewan McGregor,Shawn Mullins,Toast to Freedom - Long Version,collab
Ewan McGregor,Taj Mahal,Toast to Freedom - Long Version,collab
Ewan McGregor,Carl Carlton,Toast to Freedom - Long Version,collab
Ewan McGregor,Larry Campbell,Toast to Freedom - Long Version,collab
Ewan McGregor,Jane Birkin,Toast to Freedom - Long Version,collab
Ewan McGregor,Emmanuel Jal,Toast to Freedom - Long Version,collab
Ewan McGregor,The Blind Boys Of Alabama,Toast to Freedom - Long Version,collab
Ewan McGregor,Amy Helm,Toast to Freedom - Long Version,collab
Ewan McGregor,Arno,Toast to Freedom - Long Version,collab
Ewan McGregor,Axelle Red,Toast to Freedom - Long Version,collab
Ewan McGregor,Christine and the Queens,Toast to Freedom - Long Version,collab
Carly Simon,Shawn Mullins,Toast to Freedom - Long Version,collab
Carly Simon,Taj Mahal,Toast to Freedom - Long Version,collab
Carly Simon,Carl Carlton,Toast to Freedom - Long Version,collab
Carly Simon,Larry Campbell,Toast to Freedom - Long Version,collab
Carly Simon,Jane Birkin,Toast to Freedom - Long Version,collab
Carly Simon,Emmanuel Jal,Toast to Freedom - Long Version,collab
Carly Simon,The Blind Boys Of Alabama,Toast to Freedom - Long Version,collab
Carly Simon,Amy Helm,Toast to Freedom - Long Version,collab
Carly Simon,Arno,Toast to Freedom - Long Version,collab
Carly Simon,Axelle Red,Toast to Freedom - Long Version,collab
Carly Simon,Christine and the Queens,Toast to Freedom - Long Version,collab
Shawn Mullins,Taj Mahal,Toast to Freedom - Long Version,collab
Shawn Mullins,Carl Carlton,Toast to Freedom - Long Version,collab
Shawn Mullins,Larry Campbell,Toast to Freedom - Long Version,collab
Shawn Mullins,Jane Birkin,Toast to Freedom - Long Version,collab
Shawn Mullins,Emmanuel Jal,Toast to Freedom - Long Version,collab
Shawn Mullins,The Blind Boys Of Alabama,Toast to Freedom - Long Version,collab
Shawn Mullins,Amy Helm,Toast to Freedom - Long Version,collab
Shawn Mullins,Arno,Toast to Freedom - Long Version,collab
Shawn Mullins,Axelle Red,Toast to Freedom - Long Version,collab
Shawn Mullins,Christine and the Queens,Toast to Freedom - Long Version,collab
Taj Mahal,Carl Carlton,Toast to Freedom - Long Version,collab
Taj Mahal,Larry Campbell,Toast to Freedom - Long Version,collab
Taj Mahal,Jane Birkin,Toast to Freedom - Long Version,collab
Taj Mahal,Emmanuel Jal,Toast to Freedom - Long Version,collab
Taj Mahal,The Blind Boys Of Alabama,Toast to Freedom - Long Version,collab
Taj Mahal,Amy Helm,Toast to Freedom - Long Version,collab
Taj Mahal,Arno,Toast to Freedom - Long Version,collab
Taj Mahal,Axelle Red,Toast to Freedom - Long Version,collab
Taj Mahal,Christine and the Queens,Toast to Freedom - Long Version,collab
Carl Carlton,Larry Campbell,Toast to Freedom - Long Version,collab
Carl Carlton,Jane Birkin,Toast to Freedom - Long Version,collab
Carl Carlton,Emmanuel Jal,Toast to Freedom - Long Version,collab
Carl Carlton,The Blind Boys Of Alabama,Toast to Freedom - Long Version,collab
Carl Carlton,Amy Helm,Toast to Freedom - Long Version,collab
Carl Carlton,Arno,Toast to Freedom - Long Version,collab
Carl Carlton,Axelle Red,Toast to Freedom - Long Version,collab
Carl Carlton,Christine and the Queens,Toast to Freedom - Long Version,collab
Larry Campbell,Jane Birkin,Toast to Freedom - Long Version,collab
Larry Campbell,Emmanuel Jal,Toast to Freedom - Long Version,collab
Larry Campbell,The Blind Boys Of Alabama,Toast to Freedom - Long Version,collab
Larry Campbell,Amy Helm,Toast to Freedom - Long Version,collab
Larry Campbell,Arno,Toast to Freedom - Long Version,collab
Larry Campbell,Axelle Red,Toast to Freedom - Long Version,collab
Larry Campbell,Christine and the Queens,Toast to Freedom - Long Version,collab
Jane Birkin,Emmanuel Jal,Toast to Freedom - Long Version,collab
Jane Birkin,The Blind Boys Of Alabama,Toast to Freedom - Long Version,collab
Jane Birkin,Amy Helm,Toast to Freedom - Long Version,collab
Jane Birkin,Arno,Toast to Freedom - Long Version,collab
Jane Birkin,Axelle Red,Toast to Freedom - Long Version,collab
Jane Birkin,Christine and the Queens,Toast to Freedom - Long Version,collab
Emmanuel Jal,The Blind Boys Of Alabama,Toast to Freedom - Long Version,collab
Emmanuel Jal,Amy Helm,Toast to Freedom - Long Version,collab
Emmanuel Jal,Arno,Toast to Freedom - Long Version,collab
Emmanuel Jal,Axelle Red,Toast to Freedom - Long Version,collab
Emmanuel Jal,Christine and the Queens,Toast to Freedom - Long Version,collab
The Blind Boys Of Alabama,Peter Levin,,band_member
The Blind Boys Of Alabama,Olice Thomas,,band_member
The Blind Boys Of Alabama,Clarence Fountain,,band_member
The Blind Boys Of Alabama,Sam Butler,,band_member
The Blind Boys Of Alabama,Tracy Pierce,,band_member
The Blind Boys Of Alabama,George Scott (4),,band_member
The Blind Boys Of Alabama,Joey Williams,,band_member
The Blind Boys Of Alabama,Jimmy Carter (4),,band_member
The Blind Boys Of Alabama,Paul Beasley,,band_member
The Blind Boys Of Alabama,Ben Moore (2),,band_member
The Blind Boys Of Alabama,Johnny Fields,,band_member
The Blind Boys Of Alabama,Ricky McKinnie,,band_member
The Blind Boys Of Alabama,Bobby Butler (2),,band_member
The Blind Boys Of Alabama,Amy Helm,Toast to Freedom - Long Version,collab
The Blind Boys Of Alabama,Arno,Toast to Freedom - Long Version,collab
The Blind Boys Of Alabama,Axelle Red,Toast to Freedom - Long Version,collab
The Blind Boys Of Alabama,Christine and the Queens,Toast to Freedom - Long Version,collab
Amy Helm,Arno,Toast to Freedom - Long Version,collab
Amy Helm,Axelle Red,Toast to Freedom - Long Version,collab
Amy Helm,Christine and the Queens,Toast to Freedom - Long Version,collab
Arno,Axelle Red,Toast to Freedom - Long Version,collab
Arno,Christine and the Queens,Toast to Freedom - Long Version,collab
Axelle Red,Christine and the Queens,Toast to Freedom - Long Version,collab
Phineas,The Cast of Phineas and Ferb,,band_member
Phineas,Ferb,Kick It Up A Notch,collab
Ferb,The Cast of Phineas and Ferb,,band_member
Soundgarden,Chris Cornell,,band_member
Soundgarden,Kim Thayil,,band_member
Soundgarden,Ben Shepherd,,band_member
Soundgarden,Hiro Yamamoto,,band_member
Soundgarden,Scott Sundquist,,band_member
YOSHIKI,HYDE,Red Swan,collab
Frank Musker,Elizabeth Lamers,Too Much Love Will Kill You - Live,collab
Frank Musker,Luciano Pavarotti,Too Much Love Will Kill You - Live,collab
Elizabeth Lamers,Luciano Pavarotti,Too Much Love Will Kill You - Live,collab
Transplants,Tim Armstrong,,band_member
Transplants,Dave Carlock,,band_member
Transplants,Matt Freeman (2),,band_member
Transplants,DJ Pone (3),,band_member
Transplants,Rob Aston,,band_member
Transplants,Kevin Bivona,,band_member
Slash's Snakepit,Gilby Clarke,,band_member
Slash's Snakepit,Matt Sorum,,band_member
Slash's Snakepit,Matt Laug,,band_member
Slash's Snakepit,Mike Inez,,band_member
Slash's Snakepit,Eric Dover,,band_member
Slash's Snakepit,Saul Hudson,,band_member
Slash's Snakepit,Ryan Roxie,,band_member
Slash's Snakepit,Johnny Griparic,,band_member
Slash's Snakepit,Rod Jackson,,band_member
Gilby Clarke,Guns N' Roses,,band_member
Matt Sorum,Guns N' Roses,,band_member
Saul Hudson,Guns N' Roses,,band_member
Guns N' Roses,Richard Fortus,,band_member
Guns N' Roses,Chris Pitman,,band_member
Guns N' Roses,Tracii Guns,,band_member
Guns N' Roses,Axl Rose,,band_member
Guns N' Roses,Ron Thal,,band_member
Guns N' Roses,Frank Ferrer,,band_member
Guns N' Roses,Tommy Stinson,,band_member
Guns N' Roses,Steven Adler,,band_member
Guns N' Roses,Brian Carroll,,band_member
Guns N' Roses,Jeffrey Isbell,,band_member
Guns N' Roses,DJ Ashba,,band_member
Guns N' Roses,Paul Tobias (2),,band_member
Guns N' Roses,Bryan Mantia,,band_member
Guns N' Roses,Isaac Carpenter,,band_member
Guns N' Roses,Melissa Reese,,band_member
Guns N' Roses,Michael McKagan,,band_member
Guns N' Roses,Darren Arthur Reed,,band_member
Guns N' Roses,Ole Beich,,band_member
Guns N' Roses,Rob Gardner (6),,band_member
Tracii Guns,L.A. Guns,,band_member
Tracii Guns,Hollywood Roses,Turbosheen,collab
Axl Rose,L.A. Guns,,band_member
Axl Rose,Hollywood Roses,Anything Goes,collab
Ole Beich,L.A. Guns,,band_member
Rob Gardner (6),L.A. Guns,,band_member
Hollywood Roses,Chad Stewart,,band_member
Hollywood Roses,Marc Diamond,,band_member
Hollywood Roses,Colby Veil,,band_member
Hollywood Roses,Danny Nordahl,,band_member
Hollywood Roses,Mick Taylor,Jailbreak,collab
Chad Stewart,L.A. Guns,,band_member
L.A. Guns,Mick Cripps,,band_member
L.A. Guns,Phil Lewis,,band_member
L.A. Guns,Scot Coogan,,band_member
L.A. Guns,Steve Riley,,band_member
L.A. Guns,Mark Dutton,,band_member
L.A. Guns,Adam Hamilton,,band_member
L.A. Guns,Ralph Saenz,,band_member
L.A. Guns,Nickey Alexander,,band_member
L.A. Guns,Kelly Nickels,,band_member
L.A. Guns,Chuck Garric,,band_member
L.A. Guns,Johnny Crypt,,band_member
L.A. Guns,Ace Von Johnson,,band_member
L.A. Guns,Stacey Blades,,band_member
L.A. Guns,Johnny Monaco,,band_member
L.A. Guns,Scott Griffin,,band_member
L.A. Guns,Paul Marmorstein,,band_member
L.A. Guns,Mike Gersema,,band_member
L.A. Guns,Kenny Kweens,,band_member
L.A. Guns,Chris Van Dahl,,band_member
L.A. Guns,Shane Fitzgibbon,,band_member
L.A. Guns,Jim Wilkinson (4),,band_member
L.A. Guns,Jeremy Guns,,band_member
L.A. Guns,Michael Grant (12),,band_member
L.A. Guns,Johnny Martin (7),,band_member
L.A. Guns,Michael Jagosz,,band_member
Squeeze,Steve Smith (2),,band_member
Squeeze,Paul Carrack,,band_member
Squeeze,Chris Difford,,band_member
Squeeze,Matt Irving,,band_member
Squeeze,Pete Thomas,,band_member
Squeeze,Glenn Tilbrook,,band_member
Squeeze,Gilson Lavis,,band_member
Squeeze,Keith Wilkinson,,band_member
Squeeze,Simon Hanson,,band_member
Squeeze,Harri Kakoulli,,band_member
Squeeze,Hilaire Penda,,band_member
Squeeze,Kevin Wilkinson,,band_member
Squeeze,John Bentley,,band_member
Squeeze,Jonn Savannah,,band_member
Squeeze,Melvin Duffy,,band_member
Squeeze,Andy Metcalfe,,band_member
Squeeze,Lucy Shaw,,band_member
Squeeze,Yolanda Charles,,band_member
Squeeze,Ash Soan,,band_member
Squeeze,Stephen Large,,band_member
Squeeze,Nick Harper,,band_member
Squeeze,Owen Biddle,,band_member
Squeeze,Chris Holland,,band_member
Gilson Lavis,Jools Holland & his Rhythm & Blues Orchestra,,band_member
Chris Holland,Jools Holland & his Rhythm & Blues Orchestra,,band_member
Mark Knopfler,Dire Straits,,band_member
Jamiroquai,Stuart Zender,,band_member
Jamiroquai,Darren Galea,,band_member
Jamiroquai,Nick van Gelder,,band_member
Jamiroquai,Toby Smith,,band_member
Jamiroquai,Derrick McKenzie,,band_member
Jamiroquai,Paul Turner,,band_member
Jamiroquai,Rob Harris,,band_member
Jamiroquai,Nick Fyffe,,band_member
Jamiroquai,Simon Katz,,band_member
Jamiroquai,Sola Akingbola,,band_member
Jamiroquai,Wallis Buchanan,,band_member
Jamiroquai,Matt Johnson (11),,band_member
Jamiroquai,Jason Luís Cheetham,,band_member
Sam Moore,Sam Brown,Together We Are Strong,collab
Sam Brown,Jools Holland & his Rhythm & Blues Orchestra,,band_member
Jools Holland & his Rhythm & Blues Orchestra,Louise Clare Marshall,,band_member
Jools Holland & his Rhythm & Blues Orchestra,Barbara Snow,,band_member
Jools Holland & his Rhythm & Blues Orchestra,Rico Rodriguez,,band_member
Jools Holland & his Rhythm & Blues Orchestra,Kevin Flanagan,,band_member
Jools Holland & his Rhythm & Blues Orchestra,Dave Bitelli,,band_member
Jools Holland & his Rhythm & Blues Orchestra,Winston Rollins,,band_member
Jools Holland & his Rhythm & Blues Orchestra,"Michael ""Bami"" Rose",,band_member
Jools Holland & his Rhythm & Blues Orchestra,Fayyaz Virji,,band_member
Jools Holland & his Rhythm & Blues Orchestra,Chris Storr,,band_member
Jools Holland & his Rhythm & Blues Orchestra,Chris Caldwell,,band_member
Jools Holland & his Rhythm & Blues Orchestra,Phil Veacock,,band_member
Jools Holland & his Rhythm & Blues Orchestra,Roger Goslyn,,band_member
Jools Holland & his Rhythm & Blues Orchestra,Damon Brown (2),,band_member
Jools Holland & his Rhythm & Blues Orchestra,Lisa Graham,,band_member
Jools Holland & his Rhythm & Blues Orchestra,Derek Nash,,band_member
Jools Holland & his Rhythm & Blues Orchestra,Jon Scott (2),,band_member
Jools Holland & his Rhythm & Blues Orchestra,Mark Flanagan,,band_member
Jools Holland & his Rhythm & Blues Orchestra,Paul Bartholomew,,band_member
Jools Holland & his Rhythm & Blues Orchestra,Jason McDermid,,band_member
Jools Holland & his Rhythm & Blues Orchestra,Neil Smith (4),,band_member
Jools Holland & his Rhythm & Blues Orchestra,Nick Lunt,,band_member
Jools Holland & his Rhythm & Blues Orchestra,Anna Brooks,,band_member
Jools Holland & his Rhythm & Blues Orchestra,David Swift (6),,band_member
Jools Holland & his Rhythm & Blues Orchestra,Jason Bruer (2),,band_member
Chris Barber,Guy Barker,Anglegrinder Blues,collab
Mica Paris,Rodney Youngs,,band_member
Mica Paris,David Gilmour,I Put a Spell on You,collab
Mica Paris,Laurie Latham,I Put a Spell on You,collab
David Gilmour,Laurie Latham,I Put a Spell on You,collab
Van Morrison,George Cassidy,,band_member
Dire Straits,Hal Lindes,,band_member
Dire Straits,John Illsley,,band_member
Dire Straits,Alan Clark,,band_member
Dire Straits,Guy Fletcher,,band_member
Dire Straits,David Knopfler,,band_member
Dire Straits,Terry Williams (3),,band_member
Dire Straits,Pick Withers,,band_member
Dire Straits,Jack Sonni,,band_member
